ticker,cik,fiscal_year,period,period_end,source,revenue,revenue_source_concept,revenue_source_unit,revenue_source_start,revenue_source_end,revenue_source_fy,revenue_source_fp,revenue_source_form,revenue_source_filed,revenue_source_accn,revenue_source_frame,gross_profit,gross_profit_source_concept,gross_profit_source_unit,gross_profit_source_start,gross_profit_source_end,gross_profit_source_fy,gross_profit_source_fp,gross_profit_source_form,gross_profit_source_filed,gross_profit_source_accn,gross_profit_source_frame,operating_income,operating_income_source_concept,operating_income_source_unit,operating_income_source_start,operating_income_source_end,operating_income_source_fy,operating_income_source_fp,operating_income_source_form,operating_income_source_filed,operating_income_source_accn,operating_income_source_frame,net_income,net_income_source_concept,net_income_source_unit,net_income_source_start,net_income_source_end,net_income_source_fy,net_income_source_fp,net_income_source_form,net_income_source_filed,net_income_source_accn,net_income_source_frame,da,da_source_concept,da_source_unit,da_source_start,da_source_end,da_source_fy,da_source_fp,da_source_form,da_source_filed,da_source_accn,da_source_frame,sga,sga_source_concept,sga_source_unit,sga_source_start,sga_source_end,sga_source_fy,sga_source_fp,sga_source_form,sga_source_filed,sga_source_accn,sga_source_frame,interest_expense,interest_expense_source_concept,interest_expense_source_unit,interest_expense_source_start,interest_expense_source_end,interest_expense_source_fy,interest_expense_source_fp,interest_expense_source_form,interest_expense_source_filed,interest_expense_source_accn,interest_expense_source_frame,interest_income,interest_income_source_concept,interest_income_source_unit,interest_income_source_start,interest_income_source_end,interest_income_source_fy,interest_income_source_fp,interest_income_source_form,interest_income_source_filed,interest_income_source_accn,interest_income_source_frame,income_before_tax,income_before_tax_source_concept,income_before_tax_source_unit,income_before_tax_source_start,income_before_tax_source_end,income_before_tax_source_fy,income_before_tax_source_fp,income_before_tax_source_form,income_before_tax_source_filed,income_before_tax_source_accn,income_before_tax_source_frame,income_tax_expense,income_tax_expense_source_concept,income_tax_expense_source_unit,income_tax_expense_source_start,income_tax_expense_source_end,income_tax_expense_source_fy,income_tax_expense_source_fp,income_tax_expense_source_form,income_tax_expense_source_filed,income_tax_expense_source_accn,income_tax_expense_source_frame,cfo,cfo_source_concept,cfo_source_unit,cfo_source_start,cfo_source_end,cfo_source_fy,cfo_source_fp,cfo_source_form,cfo_source_filed,cfo_source_accn,cfo_source_frame,capex,capex_source_concept,capex_source_unit,capex_source_start,capex_source_end,capex_source_fy,capex_source_fp,capex_source_form,capex_source_filed,capex_source_accn,capex_source_frame,eps_diluted,eps_diluted_source_concept,eps_diluted_source_unit,eps_diluted_source_start,eps_diluted_source_end,eps_diluted_source_fy,eps_diluted_source_fp,eps_diluted_source_form,eps_diluted_source_filed,eps_diluted_source_accn,eps_diluted_source_frame,diluted_shares,diluted_shares_source_concept,diluted_shares_source_unit,diluted_shares_source_start,diluted_shares_source_end,diluted_shares_source_fy,diluted_shares_source_fp,diluted_shares_source_form,diluted_shares_source_filed,diluted_shares_source_accn,diluted_shares_source_frame,assets,assets_source_concept,assets_source_unit,assets_source_start,assets_source_end,assets_source_fy,assets_source_fp,assets_source_form,assets_source_filed,assets_source_accn,assets_source_frame,cash,cash_source_concept,cash_source_unit,cash_source_start,cash_source_end,cash_source_fy,cash_source_fp,cash_source_form,cash_source_filed,cash_source_accn,cash_source_frame,short_term_investments,short_term_investments_source_concept,short_term_investments_source_unit,short_term_investments_source_start,short_term_investments_source_end,short_term_investments_source_fy,short_term_investments_source_fp,short_term_investments_source_form,short_term_investments_source_filed,short_term_investments_source_accn,short_term_investments_source_frame,accounts_receivable,accounts_receivable_source_concept,accounts_receivable_source_unit,accounts_receivable_source_start,accounts_receivable_source_end,accounts_receivable_source_fy,accounts_receivable_source_fp,accounts_receivable_source_form,accounts_receivable_source_filed,accounts_receivable_source_accn,accounts_receivable_source_frame,inventory,inventory_source_concept,inventory_source_unit,inventory_source_start,inventory_source_end,inventory_source_fy,inventory_source_fp,inventory_source_form,inventory_source_filed,inventory_source_accn,inventory_source_frame,current_assets,current_assets_source_concept,current_assets_source_unit,current_assets_source_start,current_assets_source_end,current_assets_source_fy,current_assets_source_fp,current_assets_source_form,current_assets_source_filed,current_assets_source_accn,current_assets_source_frame,ppe_net,ppe_net_source_concept,ppe_net_source_unit,ppe_net_source_start,ppe_net_source_end,ppe_net_source_fy,ppe_net_source_fp,ppe_net_source_form,ppe_net_source_filed,ppe_net_source_accn,ppe_net_source_frame,current_liabilities,current_liabilities_source_concept,current_liabilities_source_unit,current_liabilities_source_start,current_liabilities_source_end,current_liabilities_source_fy,current_liabilities_source_fp,current_liabilities_source_form,current_liabilities_source_filed,current_liabilities_source_accn,current_liabilities_source_frame,accounts_payable,accounts_payable_source_concept,accounts_payable_source_unit,accounts_payable_source_start,accounts_payable_source_end,accounts_payable_source_fy,accounts_payable_source_fp,accounts_payable_source_form,accounts_payable_source_filed,accounts_payable_source_accn,accounts_payable_source_frame,debt_current,debt_current_source_concept,debt_current_source_unit,debt_current_source_start,debt_current_source_end,debt_current_source_fy,debt_current_source_fp,debt_current_source_form,debt_current_source_filed,debt_current_source_accn,debt_current_source_frame,debt_long_term,debt_long_term_source_concept,debt_long_term_source_unit,debt_long_term_source_start,debt_long_term_source_end,debt_long_term_source_fy,debt_long_term_source_fp,debt_long_term_source_form,debt_long_term_source_filed,debt_long_term_source_accn,debt_long_term_source_frame,liabilities,liabilities_source_concept,liabilities_source_unit,liabilities_source_start,liabilities_source_end,liabilities_source_fy,liabilities_source_fp,liabilities_source_form,liabilities_source_filed,liabilities_source_accn,liabilities_source_frame,equity,equity_source_concept,equity_source_unit,equity_source_start,equity_source_end,equity_source_fy,equity_source_fp,equity_source_form,equity_source_filed,equity_source_accn,equity_source_frame,total_debt,ebitda,fcf,eps_fy2020_baseline,eps_fy2020_baseline_source,eps_fy2020_baseline_period_end,assets_fy2020_baseline,equity_fy2020_baseline,ppe_net_fy2020_baseline,accounts_receivable_fy2020_baseline,inventory_fy2020_baseline,accounts_payable_fy2020_baseline
KO,0000021344,2021,Q1,2021-04-02,SEC_EDGAR_COMPANYFACTS,9.02,Revenues,USD,2021-01-01,2021-04-02,2021,Q1,10-Q,2021-04-27,0000021344-21-000014,,5.515,GrossProfit,USD,2021-01-01,2021-04-02,2021,Q1,10-Q,2021-04-27,0000021344-21-000014,,2.722,OperatingIncomeLoss,USD,2021-01-01,2021-04-02,2021,Q1,10-Q,2021-04-27,0000021344-21-000014,,2.245,NetIncomeLoss,USD,2021-01-01,2021-04-02,2021,Q1,10-Q,2021-04-27,0000021344-21-000014,,0.366,DepreciationDepletionAndAmortization,USD,2021-01-01,2021-04-02,2021,Q1,10-Q,2021-04-27,0000021344-21-000014,,2.669,SellingGeneralAndAdministrativeExpense,USD,2021-01-01,2021-04-02,2021,Q1,10-Q,2021-04-27,0000021344-21-000014,,0.442,InterestExpense,USD,2021-01-01,2021-04-02,2021,Q1,10-Q,2021-04-27,0000021344-21-000014,,,,,,,,,,,,,2.763,IncomeLossFromContinuingOperationsBeforeIncomeTaxesExtraordinaryItemsNoncontrollingInterest,USD,2021-01-01,2021-04-02,2021,Q1,10-Q,2021-04-27,0000021344-21-000014,,0.508,IncomeTaxExpenseBenefit,USD,2021-01-01,2021-04-02,2021,Q1,10-Q,2021-04-27,0000021344-21-000014,,1.636,NetCashProvidedByUsedInOperatingActivities,USD,2021-01-01,2021-04-02,2021,Q1,10-Q,2021-04-27,0000021344-21-000014,,0.216,PaymentsToAcquirePropertyPlantAndEquipment,USD,2021-01-01,2021-04-02,2021,Q1,10-Q,2021-04-27,0000021344-21-000014,,0.5184757505773672,EarningsPerShareDiluted,USD/shares,2021-01-01,2021-04-02,2021,Q1,10-Q,2021-04-27,0000021344-21-000014,,4330000000.0,WeightedAverageNumberOfDilutedSharesOutstanding,shares,2021-01-01,2021-04-02,2021,Q1,10-Q,2021-04-27,0000021344-21-000014,,89.993,Assets,USD,,2021-04-02,2021,Q1,10-Q,2021-04-27,0000021344-21-000014,CY2021Q1I,8.484,CashAndCashEquivalentsAtCarryingValue,USD,,2021-04-02,2022,Q1,10-Q,2022-04-28,0000021344-22-000016,CY2021Q1I,2.234,MarketableSecurities,USD,,2021-04-02,2021,Q1,10-Q,2021-04-27,0000021344-21-000014,CY2021Q1I,3.762,AccountsReceivableNetCurrent,USD,,2021-04-02,2021,Q1,10-Q,2021-04-27,0000021344-21-000014,CY2021Q1I,3.356,InventoryNet,USD,,2021-04-02,2021,Q1,10-Q,2021-04-27,0000021344-21-000014,CY2021Q1I,21.932,AssetsCurrent,USD,,2021-04-02,2021,Q1,10-Q,2021-04-27,0000021344-21-000014,CY2021Q1I,10.673,PropertyPlantAndEquipmentNet,USD,,2021-04-02,2021,Q1,10-Q,2021-04-27,0000021344-21-000014,CY2021Q1I,16.486,LiabilitiesCurrent,USD,,2021-04-02,2021,Q1,10-Q,2021-04-27,0000021344-21-000014,CY2021Q1I,10.929,AccountsPayableAndAccruedLiabilitiesCurrent,USD,,2021-04-02,2021,Q1,10-Q,2021-04-27,0000021344-21-000014,CY2021Q1I,2.88,LongTermDebtCurrent,USD,,2021-04-02,2021.0,Q1,10-Q,2021-04-27,0000021344-21-000014,CY2021Q1I,40.17,LongTermDebtNoncurrent,USD,,2021-04-02,2021.0,Q1,10-Q,2021-04-27,0000021344-21-000014,CY2021Q1I,69.63799999999999,DERIVED:Assets-Equity,USD,,2021-04-02,,,DERIVED,,,,20.355,StockholdersEquity,USD,,2021-04-02,2021,Q1,10-Q,2021-04-27,0000021344-21-000014,CY2021Q1I,43.050000000000004,3.088,1.42,1.79,Calculation_Buffer/FY2020,2020-12-31,87.296,19.299,10.777,3.144,3.266,11.145
KO,0000021344,2021,Q2,2021-07-02,SEC_EDGAR_COMPANYFACTS,10.129000000000001,Revenues,USD,2021-01-01,2021-07-02,2021,Q2,10-Q,2021-07-26,0000021344-21-000024,,6.342,GrossProfit,USD,2021-01-01,2021-07-02,2021,Q2,10-Q,2021-07-26,0000021344-21-000024,,3.0160000000000005,OperatingIncomeLoss,USD,2021-01-01,2021-07-02,2021,Q2,10-Q,2021-07-26,0000021344-21-000024,,2.641,NetIncomeLoss,USD,2021-01-01,2021-07-02,2021,Q2,10-Q,2021-07-26,0000021344-21-000024,,0.383,DepreciationDepletionAndAmortization,USD,2021-01-01,2021-07-02,2021,Q2,10-Q,2021-07-26,0000021344-21-000024,,3.017,SellingGeneralAndAdministrativeExpense,USD,2021-01-01,2021-07-02,2021,Q2,10-Q,2021-07-26,0000021344-21-000024,,0.78,InterestExpense,USD,2021-01-01,2021-07-02,2021,Q2,10-Q,2021-07-26,0000021344-21-000024,,,,,,,,,,,,,3.6180000000000003,IncomeLossFromContinuingOperationsBeforeIncomeTaxesExtraordinaryItemsNoncontrollingInterest,USD,2021-01-01,2021-07-02,2021,Q2,10-Q,2021-07-26,0000021344-21-000024,,0.994,IncomeTaxExpenseBenefit,USD,2021-01-01,2021-07-02,2021,Q2,10-Q,2021-07-26,0000021344-21-000024,,3.8890000000000002,NetCashProvidedByUsedInOperatingActivities,USD,2021-01-01,2021-07-02,2021,Q2,10-Q,2021-07-26,0000021344-21-000024,,0.234,PaymentsToAcquirePropertyPlantAndEquipment,USD,2021-01-01,2021-07-02,2021,Q2,10-Q,2021-07-26,0000021344-21-000024,,0.6093677895708353,EarningsPerShareDiluted,USD/shares,2021-01-01,2021-07-02,2021,Q2,10-Q,2021-07-26,0000021344-21-000024,,,WeightedAverageNumberOfDilutedSharesOutstanding,shares,2021-01-01,2021-07-02,2021,Q2,10-Q,2021-07-26,0000021344-21-000024,,90.194,Assets,USD,,2021-07-02,2021,Q2,10-Q,2021-07-26,0000021344-21-000024,CY2021Q2I,9.188,CashAndCashEquivalentsAtCarryingValue,USD,,2021-07-02,2022,Q2,10-Q,2022-07-27,0000021344-22-000034,CY2021Q2I,1.775,MarketableSecurities,USD,,2021-07-02,2021,Q2,10-Q,2021-07-26,0000021344-21-000024,CY2021Q2I,4.036,AccountsReceivableNetCurrent,USD,,2021-07-02,2021,Q2,10-Q,2021-07-26,0000021344-21-000024,CY2021Q2I,3.281,InventoryNet,USD,,2021-07-02,2021,Q2,10-Q,2021-07-26,0000021344-21-000024,CY2021Q2I,22.481,AssetsCurrent,USD,,2021-07-02,2021,Q2,10-Q,2021-07-26,0000021344-21-000024,CY2021Q2I,10.547,PropertyPlantAndEquipmentNet,USD,,2021-07-02,2021,Q2,10-Q,2021-07-26,0000021344-21-000024,CY2021Q2I,15.299,LiabilitiesCurrent,USD,,2021-07-02,2021,Q2,10-Q,2021-07-26,0000021344-21-000024,CY2021Q2I,12.124,AccountsPayableAndAccruedLiabilitiesCurrent,USD,,2021-07-02,2021,Q2,10-Q,2021-07-26,0000021344-21-000024,CY2021Q2I,0.337,LongTermDebtCurrent,USD,,2021-07-02,2021.0,Q2,10-Q,2021-07-26,0000021344-21-000024,CY2021Q2I,39.804,LongTermDebtNoncurrent,USD,,2021-07-02,2021.0,Q2,10-Q,2021-07-26,0000021344-21-000024,CY2021Q2I,67.94500000000001,DERIVED:Assets-Equity,USD,,2021-07-02,,,DERIVED,,,,22.249,StockholdersEquity,USD,,2021-07-02,2021,Q2,10-Q,2021-07-26,0000021344-21-000024,CY2021Q2I,40.141000000000005,3.3990000000000005,3.6550000000000002,1.79,Calculation_Buffer/FY2020,2020-12-31,87.296,19.299,10.777,3.144,3.266,11.145
KO,0000021344,2021,Q3,2021-10-01,SEC_EDGAR_COMPANYFACTS,10.041999999999998,Revenues,USD,2021-01-01,2021-10-01,2021,Q3,10-Q,2021-10-28,0000021344-21-000030,,6.065000000000001,GrossProfit,USD,2021-01-01,2021-10-01,2021,Q3,10-Q,2021-10-28,0000021344-21-000030,,2.897999999999999,OperatingIncomeLoss,USD,2021-01-01,2021-10-01,2021,Q3,10-Q,2021-10-28,0000021344-21-000030,,2.471,NetIncomeLoss,USD,2021-01-01,2021-10-01,2021,Q3,10-Q,2021-10-28,0000021344-21-000030,,0.362,DepreciationDepletionAndAmortization,USD,2021-01-01,2021-10-01,2021,Q3,10-Q,2021-10-28,0000021344-21-000030,,3.122,SellingGeneralAndAdministrativeExpense,USD,2021-01-01,2021-10-01,2021,Q3,10-Q,2021-10-28,0000021344-21-000030,,0.20999999999999996,InterestExpense,USD,2021-01-01,2021-10-01,2021,Q3,10-Q,2021-10-28,0000021344-21-000030,,,,,,,,,,,,,3.0839999999999996,IncomeLossFromContinuingOperationsBeforeIncomeTaxesExtraordinaryItemsNoncontrollingInterest,USD,2021-01-01,2021-10-01,2021,Q3,10-Q,2021-10-28,0000021344-21-000030,,0.6090000000000002,IncomeTaxExpenseBenefit,USD,2021-01-01,2021-10-01,2021,Q3,10-Q,2021-10-28,0000021344-21-000030,,3.7059999999999995,NetCashProvidedByUsedInOperatingActivities,USD,2021-01-01,2021-10-01,2021,Q3,10-Q,2021-10-28,0000021344-21-000030,,0.27799999999999997,PaymentsToAcquirePropertyPlantAndEquipment,USD,2021-01-01,2021-10-01,2021,Q3,10-Q,2021-10-28,0000021344-21-000030,,0.5697486741987549,EarningsPerShareDiluted,USD/shares,2021-01-01,2021-10-01,2021,Q3,10-Q,2021-10-28,0000021344-21-000030,,,WeightedAverageNumberOfDilutedSharesOutstanding,shares,2021-01-01,2021-10-01,2021,Q3,10-Q,2021-10-28,0000021344-21-000030,,90.606,Assets,USD,,2021-10-01,2021,Q3,10-Q,2021-10-28,0000021344-21-000030,CY2021Q3I,11.301,CashAndCashEquivalentsAtCarryingValue,USD,,2021-10-01,2022,Q3,10-Q,2022-10-26,0000021344-22-000042,CY2021Q3I,1.724,MarketableSecurities,USD,,2021-10-01,2021,Q3,10-Q,2021-10-28,0000021344-21-000030,CY2021Q3I,3.889,AccountsReceivableNetCurrent,USD,,2021-10-01,2021,Q3,10-Q,2021-10-28,0000021344-21-000030,CY2021Q3I,3.182,InventoryNet,USD,,2021-10-01,2021,Q3,10-Q,2021-10-28,0000021344-21-000030,CY2021Q3I,24.24,AssetsCurrent,USD,,2021-10-01,2021,Q3,10-Q,2021-10-28,0000021344-21-000030,CY2021Q3I,10.058,PropertyPlantAndEquipmentNet,USD,,2021-10-01,2021,Q3,10-Q,2021-10-28,0000021344-21-000030,CY2021Q3I,15.99,LiabilitiesCurrent,USD,,2021-10-01,2021,Q3,10-Q,2021-10-28,0000021344-21-000030,CY2021Q3I,12.83,AccountsPayableAndAccruedLiabilitiesCurrent,USD,,2021-10-01,2021,Q3,10-Q,2021-10-28,0000021344-21-000030,CY2021Q3I,0.448,LongTermDebtCurrent,USD,,2021-10-01,2021.0,Q3,10-Q,2021-10-28,0000021344-21-000030,CY2021Q3I,39.394,LongTermDebtNoncurrent,USD,,2021-10-01,2021.0,Q3,10-Q,2021-10-28,0000021344-21-000030,CY2021Q3I,68.42699999999999,DERIVED:Assets-Equity,USD,,2021-10-01,,,DERIVED,,,,22.179,StockholdersEquity,USD,,2021-10-01,2021,Q3,10-Q,2021-10-28,0000021344-21-000030,CY2021Q3I,39.842,3.259999999999999,3.4279999999999995,1.79,Calculation_Buffer/FY2020,2020-12-31,87.296,19.299,10.777,3.144,3.266,11.145
KO,0000021344,2021,Q4,2021-12-31,SEC_EDGAR_COMPANYFACTS,28.613000000000003,Revenues,USD,2021-01-01,2021-12-31,2021,FY,10-K,2022-02-22,0000021344-22-000009,,17.232999999999997,GrossProfit,USD,2021-01-01,2021-12-31,2021,FY,10-K,2022-02-22,0000021344-22-000009,,7.410000000000001,OperatingIncomeLoss,USD,2021-01-01,2021-12-31,2021,FY,10-K,2022-02-22,0000021344-22-000009,,7.300000000000001,NetIncomeLoss,USD,2021-01-01,2021-12-31,2021,FY,10-K,2022-02-22,0000021344-22-000009,,1.0899999999999999,DepreciationDepletionAndAmortization,USD,2021-01-01,2021-12-31,2021,FY,10-K,2022-02-22,0000021344-22-000009,,9.022,SellingGeneralAndAdministrativeExpense,USD,2021-01-01,2021-12-31,2021,FY,10-K,2022-02-22,0000021344-22-000009,,1.387,InterestExpense,USD,2021-01-01,2021-12-31,2021,FY,10-K,2022-02-22,0000021344-22-000009,,,,,,,,,,,,,9.341000000000001,IncomeLossFromContinuingOperationsBeforeIncomeTaxesExtraordinaryItemsNoncontrollingInterest,USD,2021-01-01,2021-12-31,2021,FY,10-K,2022-02-22,0000021344-22-000009,,2.0119999999999996,IncomeTaxExpenseBenefit,USD,2021-01-01,2021-12-31,2021,FY,10-K,2022-02-22,0000021344-22-000009,,8.919,NetCashProvidedByUsedInOperatingActivities,USD,2021-01-01,2021-12-31,2021,FY,10-K,2022-02-22,0000021344-22-000009,,1.089,PaymentsToAcquirePropertyPlantAndEquipment,USD,2021-01-01,2021-12-31,2021,FY,10-K,2022-02-22,0000021344-22-000009,,1.6820276497695854,EarningsPerShareDiluted,USD/shares,2021-01-01,2021-12-31,2021,FY,10-K,2022-02-22,0000021344-22-000009,,,WeightedAverageNumberOfDilutedSharesOutstanding,shares,2021-01-01,2021-12-31,2021,FY,10-K,2022-02-22,0000021344-22-000009,,94.354,Assets,USD,,2021-12-31,2022,FY,10-K,2023-02-21,0000021344-23-000011,CY2021Q4I,9.684,CashAndCashEquivalentsAtCarryingValue,USD,,2021-12-31,2023,FY,10-K,2024-02-20,0000021344-24-000009,CY2021Q4I,1.699,MarketableSecurities,USD,,2021-12-31,2022,FY,10-K,2023-02-21,0000021344-23-000011,CY2021Q4I,3.512,AccountsReceivableNetCurrent,USD,,2021-12-31,2022,FY,10-K,2023-02-21,0000021344-23-000011,CY2021Q4I,3.414,InventoryNet,USD,,2021-12-31,2022,FY,10-K,2023-02-21,0000021344-23-000011,CY2021Q4I,22.545,AssetsCurrent,USD,,2021-12-31,2022,FY,10-K,2023-02-21,0000021344-23-000011,CY2021Q4I,9.92,PropertyPlantAndEquipmentNet,USD,,2021-12-31,2023,FY,10-K,2024-02-20,0000021344-24-000009,CY2021Q4I,19.95,LiabilitiesCurrent,USD,,2021-12-31,2022,FY,10-K,2023-02-21,0000021344-23-000011,CY2021Q4I,14.619,AccountsPayableAndAccruedLiabilitiesCurrent,USD,,2021-12-31,2022,FY,10-K,2023-02-21,0000021344-23-000011,CY2021Q4I,1.338,LongTermDebtCurrent,USD,,2021-12-31,2022.0,FY,10-K,2023-02-21,0000021344-23-000011,CY2021Q4I,38.116,LongTermDebtNoncurrent,USD,,2021-12-31,2022.0,FY,10-K,2023-02-21,0000021344-23-000011,CY2021Q4I,71.355,DERIVED:Assets-Equity,USD,,2021-12-31,,,DERIVED,,,,22.999,StockholdersEquity,USD,,2021-12-31,2022,FY,10-K,2023-02-21,0000021344-23-000011,CY2021Q4I,39.454,8.5,7.83,1.79,Calculation_Buffer/FY2020,2020-12-31,87.296,19.299,10.777,3.144,3.266,11.145
KO,0000021344,2021,FY,2021-12-31,SEC_EDGAR_COMPANYFACTS,38.655,Revenues,USD,2021-01-01,2021-12-31,2021,FY,10-K,2022-02-22,0000021344-22-000009,,23.298,GrossProfit,USD,2021-01-01,2021-12-31,2021,FY,10-K,2022-02-22,0000021344-22-000009,,10.308,OperatingIncomeLoss,USD,2021-01-01,2021-12-31,2021,FY,10-K,2022-02-22,0000021344-22-000009,,9.771,NetIncomeLoss,USD,2021-01-01,2021-12-31,2021,FY,10-K,2022-02-22,0000021344-22-000009,,1.452,DepreciationDepletionAndAmortization,USD,2021-01-01,2021-12-31,2021,FY,10-K,2022-02-22,0000021344-22-000009,,12.144,SellingGeneralAndAdministrativeExpense,USD,2021-01-01,2021-12-31,2021,FY,10-K,2022-02-22,0000021344-22-000009,,1.597,InterestExpense,USD,2021-01-01,2021-12-31,2021,FY,10-K,2022-02-22,0000021344-22-000009,,,,,,,,,,,,,12.425,IncomeLossFromContinuingOperationsBeforeIncomeTaxesExtraordinaryItemsNoncontrollingInterest,USD,2021-01-01,2021-12-31,2021,FY,10-K,2022-02-22,0000021344-22-000009,,2.621,IncomeTaxExpenseBenefit,USD,2021-01-01,2021-12-31,2021,FY,10-K,2022-02-22,0000021344-22-000009,,12.625,NetCashProvidedByUsedInOperatingActivities,USD,2021-01-01,2021-12-31,2021,FY,10-K,2022-02-22,0000021344-22-000009,,1.367,PaymentsToAcquirePropertyPlantAndEquipment,USD,2021-01-01,2021-12-31,2021,FY,10-K,2022-02-22,0000021344-22-000009,,2.25,EarningsPerShareDiluted,USD/shares,2021-01-01,2021-12-31,2021,FY,10-K,2022-02-22,0000021344-22-000009,,4340000000.0,WeightedAverageNumberOfDilutedSharesOutstanding,shares,2021-01-01,2021-12-31,2021,FY,10-K,2022-02-22,0000021344-22-000009,,94.354,Assets,USD,,2021-12-31,2022,FY,10-K,2023-02-21,0000021344-23-000011,CY2021Q4I,9.684,CashAndCashEquivalentsAtCarryingValue,USD,,2021-12-31,2023,FY,10-K,2024-02-20,0000021344-24-000009,CY2021Q4I,1.699,MarketableSecurities,USD,,2021-12-31,2022,FY,10-K,2023-02-21,0000021344-23-000011,CY2021Q4I,3.512,AccountsReceivableNetCurrent,USD,,2021-12-31,2022,FY,10-K,2023-02-21,0000021344-23-000011,CY2021Q4I,3.414,InventoryNet,USD,,2021-12-31,2022,FY,10-K,2023-02-21,0000021344-23-000011,CY2021Q4I,22.545,AssetsCurrent,USD,,2021-12-31,2022,FY,10-K,2023-02-21,0000021344-23-000011,CY2021Q4I,9.92,PropertyPlantAndEquipmentNet,USD,,2021-12-31,2023,FY,10-K,2024-02-20,0000021344-24-000009,CY2021Q4I,19.95,LiabilitiesCurrent,USD,,2021-12-31,2022,FY,10-K,2023-02-21,0000021344-23-000011,CY2021Q4I,14.619,AccountsPayableAndAccruedLiabilitiesCurrent,USD,,2021-12-31,2022,FY,10-K,2023-02-21,0000021344-23-000011,CY2021Q4I,1.338,LongTermDebtCurrent,USD,,2021-12-31,2022.0,FY,10-K,2023-02-21,0000021344-23-000011,CY2021Q4I,38.116,LongTermDebtNoncurrent,USD,,2021-12-31,2022.0,FY,10-K,2023-02-21,0000021344-23-000011,CY2021Q4I,71.355,DERIVED:Assets-Equity,USD,,2021-12-31,,,DERIVED,,,,22.999,StockholdersEquity,USD,,2021-12-31,2022,FY,10-K,2023-02-21,0000021344-23-000011,CY2021Q4I,39.454,11.76,11.258,1.79,Calculation_Buffer/FY2020,2020-12-31,87.296,19.299,10.777,3.144,3.266,11.145
KO,0000021344,2022,Q1,2022-04-01,SEC_EDGAR_COMPANYFACTS,10.491,Revenues,USD,2022-01-01,2022-04-01,2022,Q1,10-Q,2022-04-28,0000021344-22-000016,,6.4,GrossProfit,USD,2022-01-01,2022-04-01,2022,Q1,10-Q,2022-04-28,0000021344-22-000016,,3.405,OperatingIncomeLoss,USD,2022-01-01,2022-04-01,2022,Q1,10-Q,2022-04-28,0000021344-22-000016,,2.781,NetIncomeLoss,USD,2022-01-01,2022-04-01,2022,Q1,10-Q,2022-04-28,0000021344-22-000016,,0.324,DepreciationDepletionAndAmortization,USD,2022-01-01,2022-04-01,2022,Q1,10-Q,2022-04-28,0000021344-22-000016,,2.967,SellingGeneralAndAdministrativeExpense,USD,2022-01-01,2022-04-01,2022,Q1,10-Q,2022-04-28,0000021344-22-000016,,0.182,InterestExpense,USD,2022-01-01,2022-04-01,2022,Q1,10-Q,2022-04-28,0000021344-22-000016,,,,,,,,,,,,,3.458,IncomeLossFromContinuingOperationsBeforeIncomeTaxesExtraordinaryItemsNoncontrollingInterest,USD,2022-01-01,2022-04-01,2022,Q1,10-Q,2022-04-28,0000021344-22-000016,,0.665,IncomeTaxExpenseBenefit,USD,2022-01-01,2022-04-01,2022,Q1,10-Q,2022-04-28,0000021344-22-000016,,0.623,NetCashProvidedByUsedInOperatingActivities,USD,2022-01-01,2022-04-01,2022,Q1,10-Q,2022-04-28,0000021344-22-000016,,0.217,PaymentsToAcquirePropertyPlantAndEquipment,USD,2022-01-01,2022-04-01,2022,Q1,10-Q,2022-04-28,0000021344-22-000016,,0.6382832224007344,EarningsPerShareDiluted,USD/shares,2022-01-01,2022-04-01,2022,Q1,10-Q,2022-04-28,0000021344-22-000016,,4357000000.0,WeightedAverageNumberOfDilutedSharesOutstanding,shares,2022-01-01,2022-04-01,2022,Q1,10-Q,2022-04-28,0000021344-22-000016,,94.064,Assets,USD,,2022-04-01,2022,Q1,10-Q,2022-04-28,0000021344-22-000016,CY2022Q1I,7.681,CashAndCashEquivalentsAtCarryingValue,USD,,2022-04-01,2023,Q1,10-Q,2023-04-26,0000021344-23-000024,CY2022Q1I,1.939,MarketableSecurities,USD,,2022-04-01,2022,Q1,10-Q,2022-04-28,0000021344-22-000016,CY2022Q1I,4.641,AccountsReceivableNetCurrent,USD,,2022-04-01,2022,Q1,10-Q,2022-04-28,0000021344-22-000016,CY2022Q1I,3.741,InventoryNet,USD,,2022-04-01,2022,Q1,10-Q,2022-04-28,0000021344-22-000016,CY2022Q1I,22.156,AssetsCurrent,USD,,2022-04-01,2022,Q1,10-Q,2022-04-28,0000021344-22-000016,CY2022Q1I,9.784,PropertyPlantAndEquipmentNet,USD,,2022-04-01,2022,Q1,10-Q,2022-04-28,0000021344-22-000016,CY2022Q1I,18.787,LiabilitiesCurrent,USD,,2022-04-01,2022,Q1,10-Q,2022-04-28,0000021344-22-000016,CY2022Q1I,13.272,AccountsPayableAndAccruedLiabilitiesCurrent,USD,,2022-04-01,2022,Q1,10-Q,2022-04-28,0000021344-22-000016,CY2022Q1I,1.039,LongTermDebtCurrent,USD,,2022-04-01,2022.0,Q1,10-Q,2022-04-28,0000021344-22-000016,CY2022Q1I,37.052,LongTermDebtNoncurrent,USD,,2022-04-01,2022.0,Q1,10-Q,2022-04-28,0000021344-22-000016,CY2022Q1I,69.219,DERIVED:Assets-Equity,USD,,2022-04-01,,,DERIVED,,,,24.845,StockholdersEquity,USD,,2022-04-01,2022,Q1,10-Q,2022-04-28,0000021344-22-000016,CY2022Q1I,38.091,3.7289999999999996,0.406,1.79,Calculation_Buffer/FY2020,2020-12-31,87.296,19.299,10.777,3.144,3.266,11.145
KO,0000021344,2022,Q2,2022-07-01,SEC_EDGAR_COMPANYFACTS,11.325,Revenues,USD,2022-01-01,2022-07-01,2022,Q2,10-Q,2022-07-27,0000021344-22-000034,,6.494999999999999,GrossProfit,USD,2022-01-01,2022-07-01,2022,Q2,10-Q,2022-07-27,0000021344-22-000034,,2.3410000000000006,OperatingIncomeLoss,USD,2022-01-01,2022-07-01,2022,Q2,10-Q,2022-07-27,0000021344-22-000034,,1.9049999999999998,NetIncomeLoss,USD,2022-01-01,2022-07-01,2022,Q2,10-Q,2022-07-27,0000021344-22-000034,,0.322,DepreciationDepletionAndAmortization,USD,2022-01-01,2022-07-01,2022,Q2,10-Q,2022-07-27,0000021344-22-000034,,3.203,SellingGeneralAndAdministrativeExpense,USD,2022-01-01,2022-07-01,2022,Q2,10-Q,2022-07-27,0000021344-22-000034,,0.198,InterestExpense,USD,2022-01-01,2022-07-01,2022,Q2,10-Q,2022-07-27,0000021344-22-000034,,,,,,,,,,,,,2.284,IncomeLossFromContinuingOperationsBeforeIncomeTaxesExtraordinaryItemsNoncontrollingInterest,USD,2022-01-01,2022-07-01,2022,Q2,10-Q,2022-07-27,0000021344-22-000034,,0.3839999999999999,IncomeTaxExpenseBenefit,USD,2022-01-01,2022-07-01,2022,Q2,10-Q,2022-07-27,0000021344-22-000034,,3.923,NetCashProvidedByUsedInOperatingActivities,USD,2022-01-01,2022-07-01,2022,Q2,10-Q,2022-07-27,0000021344-22-000034,,0.27,PaymentsToAcquirePropertyPlantAndEquipment,USD,2022-01-01,2022-07-01,2022,Q2,10-Q,2022-07-27,0000021344-22-000034,,0.4374282433983926,EarningsPerShareDiluted,USD/shares,2022-01-01,2022-07-01,2022,Q2,10-Q,2022-07-27,0000021344-22-000034,,,WeightedAverageNumberOfDilutedSharesOutstanding,shares,2022-01-01,2022-07-01,2022,Q2,10-Q,2022-07-27,0000021344-22-000034,,93.169,Assets,USD,,2022-07-01,2022,Q2,10-Q,2022-07-27,0000021344-22-000034,CY2022Q2I,8.976,CashAndCashEquivalentsAtCarryingValue,USD,,2022-07-01,2023,Q2,10-Q,2023-07-27,0000021344-23-000048,CY2022Q2I,1.867,MarketableSecurities,USD,,2022-07-01,2022,Q2,10-Q,2022-07-27,0000021344-22-000034,CY2022Q2I,4.494,AccountsReceivableNetCurrent,USD,,2022-07-01,2022,Q2,10-Q,2022-07-27,0000021344-22-000034,CY2022Q2I,3.621,InventoryNet,USD,,2022-07-01,2022,Q2,10-Q,2022-07-27,0000021344-22-000034,CY2022Q2I,23.141,AssetsCurrent,USD,,2022-07-01,2022,Q2,10-Q,2022-07-27,0000021344-22-000034,CY2022Q2I,9.462,PropertyPlantAndEquipmentNet,USD,,2022-07-01,2022,Q2,10-Q,2022-07-27,0000021344-22-000034,CY2022Q2I,20.531,LiabilitiesCurrent,USD,,2022-07-01,2022,Q2,10-Q,2022-07-27,0000021344-22-000034,CY2022Q2I,14.213,AccountsPayableAndAccruedLiabilitiesCurrent,USD,,2022-07-01,2022,Q2,10-Q,2022-07-27,0000021344-22-000034,CY2022Q2I,0.788,LongTermDebtCurrent,USD,,2022-07-01,2022.0,Q2,10-Q,2022-07-27,0000021344-22-000034,CY2022Q2I,36.755,LongTermDebtNoncurrent,USD,,2022-07-01,2022.0,Q2,10-Q,2022-07-27,0000021344-22-000034,CY2022Q2I,70.164,DERIVED:Assets-Equity,USD,,2022-07-01,,,DERIVED,,,,23.005,StockholdersEquity,USD,,2022-07-01,2022,Q2,10-Q,2022-07-27,0000021344-22-000034,CY2022Q2I,37.543,2.6630000000000007,3.653,1.79,Calculation_Buffer/FY2020,2020-12-31,87.296,19.299,10.777,3.144,3.266,11.145
KO,0000021344,2022,Q3,2022-09-30,SEC_EDGAR_COMPANYFACTS,11.062999999999999,Revenues,USD,2022-01-01,2022-09-30,2022,Q3,10-Q,2022-10-26,0000021344-22-000042,,6.497,GrossProfit,USD,2022-01-01,2022-09-30,2022,Q3,10-Q,2022-10-26,0000021344-22-000042,,3.087999999999999,OperatingIncomeLoss,USD,2022-01-01,2022-09-30,2022,Q3,10-Q,2022-10-26,0000021344-22-000042,,2.825,NetIncomeLoss,USD,2022-01-01,2022-09-30,2022,Q3,10-Q,2022-10-26,0000021344-22-000042,,0.30699999999999994,DepreciationDepletionAndAmortization,USD,2022-01-01,2022-09-30,2022,Q3,10-Q,2022-10-26,0000021344-22-000042,,3.279,SellingGeneralAndAdministrativeExpense,USD,2022-01-01,2022-09-30,2022,Q3,10-Q,2022-10-26,0000021344-22-000042,,0.19799999999999995,InterestExpense,USD,2022-01-01,2022-09-30,2022,Q3,10-Q,2022-10-26,0000021344-22-000042,,,,,,,,,,,,,3.444,IncomeLossFromContinuingOperationsBeforeIncomeTaxesExtraordinaryItemsNoncontrollingInterest,USD,2022-01-01,2022-09-30,2022,Q3,10-Q,2022-10-26,0000021344-22-000042,,0.6220000000000001,IncomeTaxExpenseBenefit,USD,2022-01-01,2022-09-30,2022,Q3,10-Q,2022-10-26,0000021344-22-000042,,3.5219999999999994,NetCashProvidedByUsedInOperatingActivities,USD,2022-01-01,2022-09-30,2022,Q3,10-Q,2022-10-26,0000021344-22-000042,,0.28900000000000003,PaymentsToAcquirePropertyPlantAndEquipment,USD,2022-01-01,2022-09-30,2022,Q3,10-Q,2022-10-26,0000021344-22-000042,,0.6491268382352942,EarningsPerShareDiluted,USD/shares,2022-01-01,2022-09-30,2022,Q3,10-Q,2022-10-26,0000021344-22-000042,,,WeightedAverageNumberOfDilutedSharesOutstanding,shares,2022-01-01,2022-09-30,2022,Q3,10-Q,2022-10-26,0000021344-22-000042,,92.471,Assets,USD,,2022-09-30,2022,Q3,10-Q,2022-10-26,0000021344-22-000042,CY2022Q3I,10.127,CashAndCashEquivalentsAtCarryingValue,USD,,2022-09-30,2023,Q3,10-Q,2023-10-24,0000021344-23-000060,CY2022Q3I,1.973,MarketableSecurities,USD,,2022-09-30,2022,Q3,10-Q,2022-10-26,0000021344-22-000042,CY2022Q3I,3.994,AccountsReceivableNetCurrent,USD,,2022-09-30,2022,Q3,10-Q,2022-10-26,0000021344-22-000042,CY2022Q3I,3.708,InventoryNet,USD,,2022-09-30,2022,Q3,10-Q,2022-10-26,0000021344-22-000042,CY2022Q3I,24.139,AssetsCurrent,USD,,2022-09-30,2022,Q3,10-Q,2022-10-26,0000021344-22-000042,CY2022Q3I,9.243,PropertyPlantAndEquipmentNet,USD,,2022-09-30,2022,Q3,10-Q,2022-10-26,0000021344-22-000042,CY2022Q3I,21.439,LiabilitiesCurrent,USD,,2022-09-30,2022,Q3,10-Q,2022-10-26,0000021344-22-000042,CY2022Q3I,16.103,AccountsPayableAndAccruedLiabilitiesCurrent,USD,,2022-09-30,2022,Q3,10-Q,2022-10-26,0000021344-22-000042,CY2022Q3I,0.729,LongTermDebtCurrent,USD,,2022-09-30,2022.0,Q3,10-Q,2022-10-26,0000021344-22-000042,CY2022Q3I,35.462,LongTermDebtNoncurrent,USD,,2022-09-30,2022.0,Q3,10-Q,2022-10-26,0000021344-22-000042,CY2022Q3I,69.666,DERIVED:Assets-Equity,USD,,2022-09-30,,,DERIVED,,,,22.805,StockholdersEquity,USD,,2022-09-30,2022,Q3,10-Q,2022-10-26,0000021344-22-000042,CY2022Q3I,36.191,3.394999999999999,3.232999999999999,1.79,Calculation_Buffer/FY2020,2020-12-31,87.296,19.299,10.777,3.144,3.266,11.145
KO,0000021344,2022,Q4,2022-12-31,SEC_EDGAR_COMPANYFACTS,31.941,Revenues,USD,2022-01-01,2022-12-31,2022,FY,10-K,2023-02-21,0000021344-23-000011,,18.507,GrossProfit,USD,2022-01-01,2022-12-31,2022,FY,10-K,2023-02-21,0000021344-23-000011,,7.8210000000000015,OperatingIncomeLoss,USD,2022-01-01,2022-12-31,2022,FY,10-K,2023-02-21,0000021344-23-000011,,6.717,NetIncomeLoss,USD,2022-01-01,2022-12-31,2022,FY,10-K,2023-02-21,0000021344-23-000011,,0.9530000000000001,DepreciationDepletionAndAmortization,USD,2022-01-01,2022-12-31,2022,FY,10-K,2023-02-21,0000021344-23-000011,,9.601,SellingGeneralAndAdministrativeExpense,USD,2022-01-01,2022-12-31,2022,FY,10-K,2023-02-21,0000021344-23-000011,,0.684,InterestExpense,USD,2022-01-01,2022-12-31,2022,FY,10-K,2023-02-21,0000021344-23-000011,,,,,,,,,,,,,8.242,IncomeLossFromContinuingOperationsBeforeIncomeTaxesExtraordinaryItemsNoncontrollingInterest,USD,2022-01-01,2022-12-31,2022,FY,10-K,2023-02-21,0000021344-23-000011,,1.493,IncomeTaxExpenseBenefit,USD,2022-01-01,2022-12-31,2022,FY,10-K,2023-02-21,0000021344-23-000011,,7.496000000000001,NetCashProvidedByUsedInOperatingActivities,USD,2022-01-01,2022-12-31,2022,FY,10-K,2023-02-21,0000021344-23-000011,,1.1949999999999998,PaymentsToAcquirePropertyPlantAndEquipment,USD,2022-01-01,2022-12-31,2022,FY,10-K,2023-02-21,0000021344-23-000011,,1.5441379310344827,EarningsPerShareDiluted,USD/shares,2022-01-01,2022-12-31,2022,FY,10-K,2023-02-21,0000021344-23-000011,,,WeightedAverageNumberOfDilutedSharesOutstanding,shares,2022-01-01,2022-12-31,2022,FY,10-K,2023-02-21,0000021344-23-000011,,92.763,Assets,USD,,2022-12-31,2023,FY,10-K,2024-02-20,0000021344-24-000009,CY2022Q4I,9.519,CashAndCashEquivalentsAtCarryingValue,USD,,2022-12-31,2024,FY,10-K,2025-02-20,0000021344-25-000011,,1.069,MarketableSecurities,USD,,2022-12-31,2023,FY,10-K,2024-02-20,0000021344-24-000009,CY2022Q4I,3.487,AccountsReceivableNetCurrent,USD,,2022-12-31,2023,FY,10-K,2024-02-20,0000021344-24-000009,CY2022Q4I,4.233,InventoryNet,USD,,2022-12-31,2023,FY,10-K,2024-02-20,0000021344-24-000009,CY2022Q4I,22.591,AssetsCurrent,USD,,2022-12-31,2023,FY,10-K,2024-02-20,0000021344-24-000009,CY2022Q4I,9.841,PropertyPlantAndEquipmentNet,USD,,2022-12-31,2023,FY,10-K,2024-02-20,0000021344-24-000009,CY2022Q4I,19.724,LiabilitiesCurrent,USD,,2022-12-31,2023,FY,10-K,2024-02-20,0000021344-24-000009,CY2022Q4I,15.749,AccountsPayableAndAccruedLiabilitiesCurrent,USD,,2022-12-31,2023,FY,10-K,2024-02-20,0000021344-24-000009,CY2022Q4I,0.399,LongTermDebtCurrent,USD,,2022-12-31,2023.0,FY,10-K,2024-02-20,0000021344-24-000009,CY2022Q4I,36.377,LongTermDebtNoncurrent,USD,,2022-12-31,2023.0,FY,10-K,2024-02-20,0000021344-24-000009,CY2022Q4I,68.658,DERIVED:Assets-Equity,USD,,2022-12-31,,,DERIVED,,,,24.105,StockholdersEquity,USD,,2022-12-31,2023,FY,10-K,2024-02-20,0000021344-24-000009,CY2022Q4I,36.776,8.774000000000001,6.301000000000002,1.79,Calculation_Buffer/FY2020,2020-12-31,87.296,19.299,10.777,3.144,3.266,11.145
KO,0000021344,2022,FY,2022-12-31,SEC_EDGAR_COMPANYFACTS,43.004,Revenues,USD,2022-01-01,2022-12-31,2022,FY,10-K,2023-02-21,0000021344-23-000011,,25.004,GrossProfit,USD,2022-01-01,2022-12-31,2022,FY,10-K,2023-02-21,0000021344-23-000011,,10.909,OperatingIncomeLoss,USD,2022-01-01,2022-12-31,2022,FY,10-K,2023-02-21,0000021344-23-000011,,9.542,NetIncomeLoss,USD,2022-01-01,2022-12-31,2022,FY,10-K,2023-02-21,0000021344-23-000011,,1.26,DepreciationDepletionAndAmortization,USD,2022-01-01,2022-12-31,2022,FY,10-K,2023-02-21,0000021344-23-000011,,12.88,SellingGeneralAndAdministrativeExpense,USD,2022-01-01,2022-12-31,2022,FY,10-K,2023-02-21,0000021344-23-000011,,0.882,InterestExpense,USD,2022-01-01,2022-12-31,2022,FY,10-K,2023-02-21,0000021344-23-000011,,,,,,,,,,,,,11.686,IncomeLossFromContinuingOperationsBeforeIncomeTaxesExtraordinaryItemsNoncontrollingInterest,USD,2022-01-01,2022-12-31,2022,FY,10-K,2023-02-21,0000021344-23-000011,,2.115,IncomeTaxExpenseBenefit,USD,2022-01-01,2022-12-31,2022,FY,10-K,2023-02-21,0000021344-23-000011,,11.018,NetCashProvidedByUsedInOperatingActivities,USD,2022-01-01,2022-12-31,2022,FY,10-K,2023-02-21,0000021344-23-000011,,1.484,PaymentsToAcquirePropertyPlantAndEquipment,USD,2022-01-01,2022-12-31,2022,FY,10-K,2023-02-21,0000021344-23-000011,,2.19,EarningsPerShareDiluted,USD/shares,2022-01-01,2022-12-31,2022,FY,10-K,2023-02-21,0000021344-23-000011,,4350000000.0,WeightedAverageNumberOfDilutedSharesOutstanding,shares,2022-01-01,2022-12-31,2022,FY,10-K,2023-02-21,0000021344-23-000011,,92.763,Assets,USD,,2022-12-31,2023,FY,10-K,2024-02-20,0000021344-24-000009,CY2022Q4I,9.519,CashAndCashEquivalentsAtCarryingValue,USD,,2022-12-31,2024,FY,10-K,2025-02-20,0000021344-25-000011,,1.069,MarketableSecurities,USD,,2022-12-31,2023,FY,10-K,2024-02-20,0000021344-24-000009,CY2022Q4I,3.487,AccountsReceivableNetCurrent,USD,,2022-12-31,2023,FY,10-K,2024-02-20,0000021344-24-000009,CY2022Q4I,4.233,InventoryNet,USD,,2022-12-31,2023,FY,10-K,2024-02-20,0000021344-24-000009,CY2022Q4I,22.591,AssetsCurrent,USD,,2022-12-31,2023,FY,10-K,2024-02-20,0000021344-24-000009,CY2022Q4I,9.841,PropertyPlantAndEquipmentNet,USD,,2022-12-31,2023,FY,10-K,2024-02-20,0000021344-24-000009,CY2022Q4I,19.724,LiabilitiesCurrent,USD,,2022-12-31,2023,FY,10-K,2024-02-20,0000021344-24-000009,CY2022Q4I,15.749,AccountsPayableAndAccruedLiabilitiesCurrent,USD,,2022-12-31,2023,FY,10-K,2024-02-20,0000021344-24-000009,CY2022Q4I,0.399,LongTermDebtCurrent,USD,,2022-12-31,2023.0,FY,10-K,2024-02-20,0000021344-24-000009,CY2022Q4I,36.377,LongTermDebtNoncurrent,USD,,2022-12-31,2023.0,FY,10-K,2024-02-20,0000021344-24-000009,CY2022Q4I,68.658,DERIVED:Assets-Equity,USD,,2022-12-31,,,DERIVED,,,,24.105,StockholdersEquity,USD,,2022-12-31,2023,FY,10-K,2024-02-20,0000021344-24-000009,CY2022Q4I,36.776,12.169,9.534,1.79,Calculation_Buffer/FY2020,2020-12-31,87.296,19.299,10.777,3.144,3.266,11.145
KO,0000021344,2023,Q1,2023-03-31,SEC_EDGAR_COMPANYFACTS,10.98,Revenues,USD,2023-01-01,2023-03-31,2023,Q1,10-Q,2023-04-26,0000021344-23-000024,,6.663,GrossProfit,USD,2023-01-01,2023-03-31,2023,Q1,10-Q,2023-04-26,0000021344-23-000024,,3.367,OperatingIncomeLoss,USD,2023-01-01,2023-03-31,2023,Q1,10-Q,2023-04-26,0000021344-23-000024,,3.107,NetIncomeLoss,USD,2023-01-01,2023-03-31,2023,Q1,10-Q,2023-04-26,0000021344-23-000024,,0.286,DepreciationDepletionAndAmortization,USD,2023-01-01,2023-03-31,2023,Q1,10-Q,2023-04-26,0000021344-23-000024,,3.185,SellingGeneralAndAdministrativeExpense,USD,2023-01-01,2023-03-31,2023,Q1,10-Q,2023-04-26,0000021344-23-000024,,0.372,InterestExpense,USD,2023-01-01,2023-03-31,2023,Q1,10-Q,2023-04-26,0000021344-23-000024,,,,,,,,,,,,,4.053,IncomeLossFromContinuingOperationsBeforeIncomeTaxesExtraordinaryItemsNoncontrollingInterest,USD,2023-01-01,2023-03-31,2023,Q1,10-Q,2023-04-26,0000021344-23-000024,,0.94,IncomeTaxExpenseBenefit,USD,2023-01-01,2023-03-31,2023,Q1,10-Q,2023-04-26,0000021344-23-000024,,0.16,NetCashProvidedByUsedInOperatingActivities,USD,2023-01-01,2023-03-31,2023,Q1,10-Q,2023-04-26,0000021344-23-000024,,0.276,PaymentsToAcquirePropertyPlantAndEquipment,USD,2023-01-01,2023-03-31,2023,Q1,10-Q,2023-04-26,0000021344-23-000024,,0.7150747986191024,EarningsPerShareDiluted,USD/shares,2023-01-01,2023-03-31,2023,Q1,10-Q,2023-04-26,0000021344-23-000024,,4345000000.0,WeightedAverageNumberOfDilutedSharesOutstanding,shares,2023-01-01,2023-03-31,2023,Q1,10-Q,2023-04-26,0000021344-23-000024,,97.404,Assets,USD,,2023-03-31,2023,Q1,10-Q,2023-04-26,0000021344-23-000024,CY2023Q1I,12.004,CashAndCashEquivalentsAtCarryingValue,USD,,2023-03-31,2024,Q1,10-Q,2024-05-02,0000021344-24-000017,CY2023Q1I,1.125,MarketableSecurities,USD,,2023-03-31,2023,Q1,10-Q,2023-04-26,0000021344-23-000024,CY2023Q1I,4.599,AccountsReceivableNetCurrent,USD,,2023-03-31,2023,Q1,10-Q,2023-04-26,0000021344-23-000024,CY2023Q1I,4.727,InventoryNet,USD,,2023-03-31,2023,Q1,10-Q,2023-04-26,0000021344-23-000024,CY2023Q1I,26.88,AssetsCurrent,USD,,2023-03-31,2023,Q1,10-Q,2023-04-26,0000021344-23-000024,CY2023Q1I,9.848,PropertyPlantAndEquipmentNet,USD,,2023-03-31,2023,Q1,10-Q,2023-04-26,0000021344-23-000024,CY2023Q1I,23.357,LiabilitiesCurrent,USD,,2023-03-31,2023,Q1,10-Q,2023-04-26,0000021344-23-000024,CY2023Q1I,15.593,AccountsPayableAndAccruedLiabilitiesCurrent,USD,,2023-03-31,2023,Q1,10-Q,2023-04-26,0000021344-23-000024,CY2023Q1I,0.811,LongTermDebtCurrent,USD,,2023-03-31,2023.0,Q1,10-Q,2023-04-26,0000021344-23-000024,CY2023Q1I,36.134,LongTermDebtNoncurrent,USD,,2023-03-31,2023.0,Q1,10-Q,2023-04-26,0000021344-23-000024,CY2023Q1I,72.187,DERIVED:Assets-Equity,USD,,2023-03-31,,,DERIVED,,,,25.217,StockholdersEquity,USD,,2023-03-31,2023,Q1,10-Q,2023-04-26,0000021344-23-000024,CY2023Q1I,36.945,3.653,-0.11600000000000002,1.79,Calculation_Buffer/FY2020,2020-12-31,87.296,19.299,10.777,3.144,3.266,11.145
KO,0000021344,2023,Q2,2023-06-30,SEC_EDGAR_COMPANYFACTS,11.972000000000001,Revenues,USD,2023-01-01,2023-06-30,2023,Q2,10-Q,2023-07-27,0000021344-23-000048,,7.0600000000000005,GrossProfit,USD,2023-01-01,2023-06-30,2023,Q2,10-Q,2023-07-27,0000021344-23-000048,,2.401,OperatingIncomeLoss,USD,2023-01-01,2023-06-30,2023,Q2,10-Q,2023-07-27,0000021344-23-000048,,2.5469999999999997,NetIncomeLoss,USD,2023-01-01,2023-06-30,2023,Q2,10-Q,2023-07-27,0000021344-23-000048,,0.28099999999999997,DepreciationDepletionAndAmortization,USD,2023-01-01,2023-06-30,2023,Q2,10-Q,2023-07-27,0000021344-23-000048,,3.321,SellingGeneralAndAdministrativeExpense,USD,2023-01-01,2023-06-30,2023,Q2,10-Q,2023-07-27,0000021344-23-000048,,0.374,InterestExpense,USD,2023-01-01,2023-06-30,2023,Q2,10-Q,2023-07-27,0000021344-23-000048,,,,,,,,,,,,,2.88,IncomeLossFromContinuingOperationsBeforeIncomeTaxesExtraordinaryItemsNoncontrollingInterest,USD,2023-01-01,2023-06-30,2023,Q2,10-Q,2023-07-27,0000021344-23-000048,,0.359,IncomeTaxExpenseBenefit,USD,2023-01-01,2023-06-30,2023,Q2,10-Q,2023-07-27,0000021344-23-000048,,4.468999999999999,NetCashProvidedByUsedInOperatingActivities,USD,2023-01-01,2023-06-30,2023,Q2,10-Q,2023-07-27,0000021344-23-000048,,0.33899999999999997,PaymentsToAcquirePropertyPlantAndEquipment,USD,2023-01-01,2023-06-30,2023,Q2,10-Q,2023-07-27,0000021344-23-000048,,0.5864609716785631,EarningsPerShareDiluted,USD/shares,2023-01-01,2023-06-30,2023,Q2,10-Q,2023-07-27,0000021344-23-000048,,,WeightedAverageNumberOfDilutedSharesOutstanding,shares,2023-01-01,2023-06-30,2023,Q2,10-Q,2023-07-27,0000021344-23-000048,,98.456,Assets,USD,,2023-06-30,2023,Q2,10-Q,2023-07-27,0000021344-23-000048,CY2023Q2I,12.564,CashAndCashEquivalentsAtCarryingValue,USD,,2023-06-30,2024,Q2,10-Q,2024-07-29,0000021344-24-000044,CY2023Q2I,1.263,MarketableSecurities,USD,,2023-06-30,2023,Q2,10-Q,2023-07-27,0000021344-23-000048,CY2023Q2I,3.97,AccountsReceivableNetCurrent,USD,,2023-06-30,2023,Q2,10-Q,2023-07-27,0000021344-23-000048,CY2023Q2I,4.646,InventoryNet,USD,,2023-06-30,2023,Q2,10-Q,2023-07-27,0000021344-23-000048,CY2023Q2I,27.591,AssetsCurrent,USD,,2023-06-30,2023,Q2,10-Q,2023-07-27,0000021344-23-000048,CY2023Q2I,9.706,PropertyPlantAndEquipmentNet,USD,,2023-06-30,2023,Q2,10-Q,2023-07-27,0000021344-23-000048,CY2023Q2I,24.115,LiabilitiesCurrent,USD,,2023-06-30,2023,Q2,10-Q,2023-07-27,0000021344-23-000048,CY2023Q2I,16.483,AccountsPayableAndAccruedLiabilitiesCurrent,USD,,2023-06-30,2023,Q2,10-Q,2023-07-27,0000021344-23-000048,CY2023Q2I,1.171,LongTermDebtCurrent,USD,,2023-06-30,2023.0,Q2,10-Q,2023-07-27,0000021344-23-000048,CY2023Q2I,35.626,LongTermDebtNoncurrent,USD,,2023-06-30,2023.0,Q2,10-Q,2023-07-27,0000021344-23-000048,CY2023Q2I,72.443,DERIVED:Assets-Equity,USD,,2023-06-30,,,DERIVED,,,,26.013,StockholdersEquity,USD,,2023-06-30,2023,Q2,10-Q,2023-07-27,0000021344-23-000048,CY2023Q2I,36.797,2.682,4.129999999999999,1.79,Calculation_Buffer/FY2020,2020-12-31,87.296,19.299,10.777,3.144,3.266,11.145
KO,0000021344,2023,Q3,2023-09-29,SEC_EDGAR_COMPANYFACTS,11.953,Revenues,USD,2023-01-01,2023-09-29,2023,Q3,10-Q,2023-10-24,0000021344-23-000060,,7.295999999999998,GrossProfit,USD,2023-01-01,2023-09-29,2023,Q3,10-Q,2023-10-24,0000021344-23-000060,,3.2700000000000005,OperatingIncomeLoss,USD,2023-01-01,2023-09-29,2023,Q3,10-Q,2023-10-24,0000021344-23-000060,,3.0869999999999997,NetIncomeLoss,USD,2023-01-01,2023-09-29,2023,Q3,10-Q,2023-10-24,0000021344-23-000060,,0.29000000000000004,DepreciationDepletionAndAmortization,USD,2023-01-01,2023-09-29,2023,Q3,10-Q,2023-10-24,0000021344-23-000060,,3.667,SellingGeneralAndAdministrativeExpense,USD,2023-01-01,2023-09-29,2023,Q3,10-Q,2023-10-24,0000021344-23-000060,,0.3680000000000001,InterestExpense,USD,2023-01-01,2023-09-29,2023,Q3,10-Q,2023-10-24,0000021344-23-000060,,,,,,,,,,,,,3.537000000000001,IncomeLossFromContinuingOperationsBeforeIncomeTaxesExtraordinaryItemsNoncontrollingInterest,USD,2023-01-01,2023-09-29,2023,Q3,10-Q,2023-10-24,0000021344-23-000060,,0.45399999999999996,IncomeTaxExpenseBenefit,USD,2023-01-01,2023-09-29,2023,Q3,10-Q,2023-10-24,0000021344-23-000060,,4.300000000000001,NetCashProvidedByUsedInOperatingActivities,USD,2023-01-01,2023-09-29,2023,Q3,10-Q,2023-10-24,0000021344-23-000060,,0.3859999999999999,PaymentsToAcquirePropertyPlantAndEquipment,USD,2023-01-01,2023-09-29,2023,Q3,10-Q,2023-10-24,0000021344-23-000060,,0.7109626900046061,EarningsPerShareDiluted,USD/shares,2023-01-01,2023-09-29,2023,Q3,10-Q,2023-10-24,0000021344-23-000060,,,WeightedAverageNumberOfDilutedSharesOutstanding,shares,2023-01-01,2023-09-29,2023,Q3,10-Q,2023-10-24,0000021344-23-000060,,97.578,Assets,USD,,2023-09-29,2023,Q3,10-Q,2023-10-24,0000021344-23-000060,CY2023Q3I,11.883,CashAndCashEquivalentsAtCarryingValue,USD,,2023-09-29,2024,Q3,10-Q,2024-10-24,0000021344-24-000060,CY2023Q3I,1.22,MarketableSecurities,USD,,2023-09-29,2023,Q3,10-Q,2023-10-24,0000021344-23-000060,CY2023Q3I,3.495,AccountsReceivableNetCurrent,USD,,2023-09-29,2023,Q3,10-Q,2023-10-24,0000021344-23-000060,CY2023Q3I,4.252,InventoryNet,USD,,2023-09-29,2023,Q3,10-Q,2023-10-24,0000021344-23-000060,CY2023Q3I,27.867,AssetsCurrent,USD,,2023-09-29,2023,Q3,10-Q,2023-10-24,0000021344-23-000060,CY2023Q3I,8.86,PropertyPlantAndEquipmentNet,USD,,2023-09-29,2023,Q3,10-Q,2023-10-24,0000021344-23-000060,CY2023Q3I,24.409,LiabilitiesCurrent,USD,,2023-09-29,2023,Q3,10-Q,2023-10-24,0000021344-23-000060,CY2023Q3I,16.837,AccountsPayableAndAccruedLiabilitiesCurrent,USD,,2023-09-29,2023,Q3,10-Q,2023-10-24,0000021344-23-000060,CY2023Q3I,2.08,LongTermDebtCurrent,USD,,2023-09-29,2023.0,Q3,10-Q,2023-10-24,0000021344-23-000060,CY2023Q3I,34.176,LongTermDebtNoncurrent,USD,,2023-09-29,2023.0,Q3,10-Q,2023-10-24,0000021344-23-000060,CY2023Q3I,71.253,DERIVED:Assets-Equity,USD,,2023-09-29,,,DERIVED,,,,26.325,StockholdersEquity,USD,,2023-09-29,2023,Q3,10-Q,2023-10-24,0000021344-23-000060,CY2023Q3I,36.256,3.5600000000000005,3.9140000000000006,1.79,Calculation_Buffer/FY2020,2020-12-31,87.296,19.299,10.777,3.144,3.266,11.145
KO,0000021344,2023,Q4,2023-12-31,SEC_EDGAR_COMPANYFACTS,33.801,Revenues,USD,2023-01-01,2023-12-31,2023,FY,10-K,2024-02-20,0000021344-24-000009,,19.938000000000002,GrossProfit,USD,2023-01-01,2023-12-31,2023,FY,10-K,2024-02-20,0000021344-24-000009,,8.041,OperatingIncomeLoss,USD,2023-01-01,2023-12-31,2023,FY,10-K,2024-02-20,0000021344-24-000009,,7.627000000000001,NetIncomeLoss,USD,2023-01-01,2023-12-31,2023,FY,10-K,2024-02-20,0000021344-24-000009,,0.8379999999999999,DepreciationDepletionAndAmortization,USD,2023-01-01,2023-12-31,2023,FY,10-K,2024-02-20,0000021344-24-000009,,10.305,SellingGeneralAndAdministrativeExpense,USD,2023-01-01,2023-12-31,2023,FY,10-K,2024-02-20,0000021344-24-000009,,1.1589999999999998,InterestExpense,USD,2023-01-01,2023-12-31,2023,FY,10-K,2024-02-20,0000021344-24-000009,,,,,,,,,,,,,9.415,IncomeLossFromContinuingOperationsBeforeIncomeTaxesExtraordinaryItemsNoncontrollingInterest,USD,2023-01-01,2023-12-31,2023,FY,10-K,2024-02-20,0000021344-24-000009,,1.7950000000000002,IncomeTaxExpenseBenefit,USD,2023-01-01,2023-12-31,2023,FY,10-K,2024-02-20,0000021344-24-000009,,7.2989999999999995,NetCashProvidedByUsedInOperatingActivities,USD,2023-01-01,2023-12-31,2023,FY,10-K,2024-02-20,0000021344-24-000009,,1.4660000000000002,PaymentsToAcquirePropertyPlantAndEquipment,USD,2023-01-01,2023-12-31,2023,FY,10-K,2024-02-20,0000021344-24-000009,,1.7577782899285552,EarningsPerShareDiluted,USD/shares,2023-01-01,2023-12-31,2023,FY,10-K,2024-02-20,0000021344-24-000009,,,WeightedAverageNumberOfDilutedSharesOutstanding,shares,2023-01-01,2023-12-31,2023,FY,10-K,2024-02-20,0000021344-24-000009,,97.703,Assets,USD,,2023-12-31,2024,FY,10-K,2025-02-20,0000021344-25-000011,,9.366,CashAndCashEquivalentsAtCarryingValue,USD,,2023-12-31,2025,FY,10-K,2026-02-20,0001628280-26-010047,CY2023Q4I,1.3,MarketableSecurities,USD,,2023-12-31,2024,FY,10-K,2025-02-20,0000021344-25-000011,,3.41,AccountsReceivableNetCurrent,USD,,2023-12-31,2024,FY,10-K,2025-02-20,0000021344-25-000011,,4.424,InventoryNet,USD,,2023-12-31,2024,FY,10-K,2025-02-20,0000021344-25-000011,,26.732,AssetsCurrent,USD,,2023-12-31,2024,FY,10-K,2025-02-20,0000021344-25-000011,,9.236,PropertyPlantAndEquipmentNet,USD,,2023-12-31,2024,FY,10-K,2025-02-20,0000021344-25-000011,,23.571,LiabilitiesCurrent,USD,,2023-12-31,2024,FY,10-K,2025-02-20,0000021344-25-000011,,15.485,AccountsPayableAndAccruedLiabilitiesCurrent,USD,,2023-12-31,2024,FY,10-K,2025-02-20,0000021344-25-000011,,1.96,LongTermDebtCurrent,USD,,2023-12-31,2024.0,Q1,10-Q,2024-05-02,0000021344-24-000017,CY2023Q4I,35.547,LongTermDebtNoncurrent,USD,,2023-12-31,2024.0,Q1,10-Q,2024-05-02,0000021344-24-000017,CY2023Q4I,71.762,DERIVED:Assets-Equity,USD,,2023-12-31,,,DERIVED,,,,25.941,StockholdersEquity,USD,,2023-12-31,2024,FY,10-K,2025-02-20,0000021344-25-000011,,37.507,8.879,5.832999999999999,1.79,Calculation_Buffer/FY2020,2020-12-31,87.296,19.299,10.777,3.144,3.266,11.145
KO,0000021344,2023,FY,2023-12-31,SEC_EDGAR_COMPANYFACTS,45.754,Revenues,USD,2023-01-01,2023-12-31,2023,FY,10-K,2024-02-20,0000021344-24-000009,,27.234,GrossProfit,USD,2023-01-01,2023-12-31,2023,FY,10-K,2024-02-20,0000021344-24-000009,,11.311,OperatingIncomeLoss,USD,2023-01-01,2023-12-31,2023,FY,10-K,2024-02-20,0000021344-24-000009,,10.714,NetIncomeLoss,USD,2023-01-01,2023-12-31,2023,FY,10-K,2024-02-20,0000021344-24-000009,,1.128,DepreciationDepletionAndAmortization,USD,2023-01-01,2023-12-31,2023,FY,10-K,2024-02-20,0000021344-24-000009,,13.972,SellingGeneralAndAdministrativeExpense,USD,2023-01-01,2023-12-31,2023,FY,10-K,2024-02-20,0000021344-24-000009,,1.527,InterestExpense,USD,2023-01-01,2023-12-31,2023,FY,10-K,2024-02-20,0000021344-24-000009,,,,,,,,,,,,,12.952,IncomeLossFromContinuingOperationsBeforeIncomeTaxesExtraordinaryItemsNoncontrollingInterest,USD,2023-01-01,2023-12-31,2023,FY,10-K,2024-02-20,0000021344-24-000009,,2.249,IncomeTaxExpenseBenefit,USD,2023-01-01,2023-12-31,2023,FY,10-K,2024-02-20,0000021344-24-000009,,11.599,NetCashProvidedByUsedInOperatingActivities,USD,2023-01-01,2023-12-31,2023,FY,10-K,2024-02-20,0000021344-24-000009,,1.852,PaymentsToAcquirePropertyPlantAndEquipment,USD,2023-01-01,2023-12-31,2023,FY,10-K,2024-02-20,0000021344-24-000009,,2.47,EarningsPerShareDiluted,USD/shares,2023-01-01,2023-12-31,2023,FY,10-K,2024-02-20,0000021344-24-000009,,4339000000.0,WeightedAverageNumberOfDilutedSharesOutstanding,shares,2023-01-01,2023-12-31,2023,FY,10-K,2024-02-20,0000021344-24-000009,,97.703,Assets,USD,,2023-12-31,2024,FY,10-K,2025-02-20,0000021344-25-000011,,9.366,CashAndCashEquivalentsAtCarryingValue,USD,,2023-12-31,2025,FY,10-K,2026-02-20,0001628280-26-010047,CY2023Q4I,1.3,MarketableSecurities,USD,,2023-12-31,2024,FY,10-K,2025-02-20,0000021344-25-000011,,3.41,AccountsReceivableNetCurrent,USD,,2023-12-31,2024,FY,10-K,2025-02-20,0000021344-25-000011,,4.424,InventoryNet,USD,,2023-12-31,2024,FY,10-K,2025-02-20,0000021344-25-000011,,26.732,AssetsCurrent,USD,,2023-12-31,2024,FY,10-K,2025-02-20,0000021344-25-000011,,9.236,PropertyPlantAndEquipmentNet,USD,,2023-12-31,2024,FY,10-K,2025-02-20,0000021344-25-000011,,23.571,LiabilitiesCurrent,USD,,2023-12-31,2024,FY,10-K,2025-02-20,0000021344-25-000011,,15.485,AccountsPayableAndAccruedLiabilitiesCurrent,USD,,2023-12-31,2024,FY,10-K,2025-02-20,0000021344-25-000011,,1.96,LongTermDebtCurrent,USD,,2023-12-31,2024.0,Q1,10-Q,2024-05-02,0000021344-24-000017,CY2023Q4I,35.547,LongTermDebtNoncurrent,USD,,2023-12-31,2024.0,Q1,10-Q,2024-05-02,0000021344-24-000017,CY2023Q4I,71.762,DERIVED:Assets-Equity,USD,,2023-12-31,,,DERIVED,,,,25.941,StockholdersEquity,USD,,2023-12-31,2024,FY,10-K,2025-02-20,0000021344-25-000011,,37.507,12.439,9.747,1.79,Calculation_Buffer/FY2020,2020-12-31,87.296,19.299,10.777,3.144,3.266,11.145
KO,0000021344,2024,Q1,2024-03-29,SEC_EDGAR_COMPANYFACTS,11.3,Revenues,USD,2024-01-01,2024-03-29,2024,Q1,10-Q,2024-05-02,0000021344-24-000017,,7.065,GrossProfit,USD,2024-01-01,2024-03-29,2024,Q1,10-Q,2024-05-02,0000021344-24-000017,,2.141,OperatingIncomeLoss,USD,2024-01-01,2024-03-29,2024,Q1,10-Q,2024-05-02,0000021344-24-000017,,3.177,NetIncomeLoss,USD,2024-01-01,2024-03-29,2024,Q1,10-Q,2024-05-02,0000021344-24-000017,,0.262,DepreciationDepletionAndAmortization,USD,2024-01-01,2024-03-29,2024,Q1,10-Q,2024-05-02,0000021344-24-000017,,3.351,SellingGeneralAndAdministrativeExpense,USD,2024-01-01,2024-03-29,2024,Q1,10-Q,2024-05-02,0000021344-24-000017,,0.382,InterestExpense,USD,2024-01-01,2024-03-29,2024,Q1,10-Q,2024-05-02,0000021344-24-000017,,,,,,,,,,,,,3.872,IncomeLossFromContinuingOperationsBeforeIncomeTaxesExtraordinaryItemsNoncontrollingInterest,USD,2024-01-01,2024-03-29,2024,Q1,10-Q,2024-05-02,0000021344-24-000017,,0.687,IncomeTaxExpenseBenefit,USD,2024-01-01,2024-03-29,2024,Q1,10-Q,2024-05-02,0000021344-24-000017,,0.528,NetCashProvidedByUsedInOperatingActivities,USD,2024-01-01,2024-03-29,2024,Q1,10-Q,2024-05-02,0000021344-24-000017,,0.37,PaymentsToAcquirePropertyPlantAndEquipment,USD,2024-01-01,2024-03-29,2024,Q1,10-Q,2024-05-02,0000021344-24-000017,,0.7350763535400278,EarningsPerShareDiluted,USD/shares,2024-01-01,2024-03-29,2024,Q1,10-Q,2024-05-02,0000021344-24-000017,,4322000000.0,WeightedAverageNumberOfDilutedSharesOutstanding,shares,2024-01-01,2024-03-29,2024,Q1,10-Q,2024-05-02,0000021344-24-000017,,99.392,Assets,USD,,2024-03-29,2024,Q1,10-Q,2024-05-02,0000021344-24-000017,CY2024Q1I,10.443,CashAndCashEquivalentsAtCarryingValue,USD,,2024-03-29,2025,Q1,10-Q,2025-05-01,0000021344-25-000029,CY2024Q1I,1.716,MarketableSecurities,USD,,2024-03-29,2024,Q1,10-Q,2024-05-02,0000021344-24-000017,CY2024Q1I,4.244,AccountsReceivableNetCurrent,USD,,2024-03-29,2024,Q1,10-Q,2024-05-02,0000021344-24-000017,CY2024Q1I,4.961,InventoryNet,USD,,2024-03-29,2024,Q1,10-Q,2024-05-02,0000021344-24-000017,CY2024Q1I,29.462,AssetsCurrent,USD,,2024-03-29,2024,Q1,10-Q,2024-05-02,0000021344-24-000017,CY2024Q1I,9.306,PropertyPlantAndEquipmentNet,USD,,2024-03-29,2024,Q1,10-Q,2024-05-02,0000021344-24-000017,CY2024Q1I,28.356,LiabilitiesCurrent,USD,,2024-03-29,2024,Q1,10-Q,2024-05-02,0000021344-24-000017,CY2024Q1I,19.425,AccountsPayableAndAccruedLiabilitiesCurrent,USD,,2024-03-29,2024,Q1,10-Q,2024-05-02,0000021344-24-000017,CY2024Q1I,1.392,LongTermDebtCurrent,USD,,2024-03-29,2024.0,Q1,10-Q,2024-05-02,0000021344-24-000017,CY2024Q1I,35.104,LongTermDebtNoncurrent,USD,,2024-03-29,2024.0,Q1,10-Q,2024-05-02,0000021344-24-000017,CY2024Q1I,72.963,DERIVED:Assets-Equity,USD,,2024-03-29,,,DERIVED,,,,26.429,StockholdersEquity,USD,,2024-03-29,2024,Q1,10-Q,2024-05-02,0000021344-24-000017,CY2024Q1I,36.496,2.403,0.15800000000000003,1.79,Calculation_Buffer/FY2020,2020-12-31,87.296,19.299,10.777,3.144,3.266,11.145
KO,0000021344,2024,Q2,2024-06-28,SEC_EDGAR_COMPANYFACTS,12.363,Revenues,USD,2024-01-01,2024-06-28,2024,Q2,10-Q,2024-07-29,0000021344-24-000044,,7.550999999999999,GrossProfit,USD,2024-01-01,2024-06-28,2024,Q2,10-Q,2024-07-29,0000021344-24-000044,,2.6319999999999997,OperatingIncomeLoss,USD,2024-01-01,2024-06-28,2024,Q2,10-Q,2024-07-29,0000021344-24-000044,,2.411,NetIncomeLoss,USD,2024-01-01,2024-06-28,2024,Q2,10-Q,2024-07-29,0000021344-24-000044,,0.269,DepreciationDepletionAndAmortization,USD,2024-01-01,2024-06-28,2024,Q2,10-Q,2024-07-29,0000021344-24-000044,,3.5490000000000004,SellingGeneralAndAdministrativeExpense,USD,2024-01-01,2024-06-28,2024,Q2,10-Q,2024-07-29,0000021344-24-000044,,0.41800000000000004,InterestExpense,USD,2024-01-01,2024-06-28,2025,Q2,10-Q,2025-07-24,0000021344-25-000061,,,,,,,,,,,,,3.0280000000000005,IncomeLossFromContinuingOperationsBeforeIncomeTaxesExtraordinaryItemsNoncontrollingInterest,USD,2024-01-01,2024-06-28,2024,Q2,10-Q,2024-07-29,0000021344-24-000044,,0.627,IncomeTaxExpenseBenefit,USD,2024-01-01,2024-06-28,2024,Q2,10-Q,2024-07-29,0000021344-24-000044,,3.5850000000000004,NetCashProvidedByUsedInOperatingActivities,USD,2024-01-01,2024-06-28,2024,Q2,10-Q,2024-07-29,0000021344-24-000044,,0.42200000000000004,PaymentsToAcquirePropertyPlantAndEquipment,USD,2024-01-01,2024-06-28,2024,Q2,10-Q,2024-07-29,0000021344-24-000044,,0.5579726915065957,EarningsPerShareDiluted,USD/shares,2024-01-01,2024-06-28,2024,Q2,10-Q,2024-07-29,0000021344-24-000044,,,WeightedAverageNumberOfDilutedSharesOutstanding,shares,2024-01-01,2024-06-28,2024,Q2,10-Q,2024-07-29,0000021344-24-000044,,101.202,Assets,USD,,2024-06-28,2024,Q2,10-Q,2024-07-29,0000021344-24-000044,CY2024Q2I,13.708,CashAndCashEquivalentsAtCarryingValue,USD,,2024-06-28,2025,Q2,10-Q,2025-07-24,0000021344-25-000061,CY2024Q2I,1.594,MarketableSecurities,USD,,2024-06-28,2024,Q2,10-Q,2024-07-29,0000021344-24-000044,CY2024Q2I,4.545,AccountsReceivableNetCurrent,USD,,2024-06-28,2024,Q2,10-Q,2024-07-29,0000021344-24-000044,CY2024Q2I,4.763,InventoryNet,USD,,2024-06-28,2024,Q2,10-Q,2024-07-29,0000021344-24-000044,CY2024Q2I,31.599,AssetsCurrent,USD,,2024-06-28,2024,Q2,10-Q,2024-07-29,0000021344-24-000044,CY2024Q2I,9.508,PropertyPlantAndEquipmentNet,USD,,2024-06-28,2024,Q2,10-Q,2024-07-29,0000021344-24-000044,CY2024Q2I,29.263,LiabilitiesCurrent,USD,,2024-06-28,2024,Q2,10-Q,2024-07-29,0000021344-24-000044,CY2024Q2I,21.909,AccountsPayableAndAccruedLiabilitiesCurrent,USD,,2024-06-28,2024,Q2,10-Q,2024-07-29,0000021344-24-000044,CY2024Q2I,5.732,SEC_FILING_TABLE:LoansAndNotesPayable+CurrentMaturitiesOfLongTermDebt,USD millions,,2024-06-28,,,10-Q,2024-07-29,0000021344-24-000044,,38.085,SEC_FILING_TABLE:LongTermDebt,USD millions,,2024-06-28,,,10-Q,2024-07-29,0000021344-24-000044,,75.34899999999999,DERIVED:Assets-Equity,USD,,2024-06-28,,,DERIVED,,,,25.853,StockholdersEquity,USD,,2024-06-28,2024,Q2,10-Q,2024-07-29,0000021344-24-000044,CY2024Q2I,43.817,2.901,3.1630000000000003,1.79,Calculation_Buffer/FY2020,2020-12-31,87.296,19.299,10.777,3.144,3.266,11.145
KO,0000021344,2024,Q3,2024-09-27,SEC_EDGAR_COMPANYFACTS,11.854000000000003,Revenues,USD,2024-01-01,2024-09-27,2024,Q3,10-Q,2024-10-24,0000021344-24-000060,,7.190000000000001,GrossProfit,USD,2024-01-01,2024-09-27,2024,Q3,10-Q,2024-10-24,0000021344-24-000060,,2.5100000000000007,OperatingIncomeLoss,USD,2024-01-01,2024-09-27,2024,Q3,10-Q,2024-10-24,0000021344-24-000060,,2.848,NetIncomeLoss,USD,2024-01-01,2024-09-27,2024,Q3,10-Q,2024-10-24,0000021344-24-000060,,0.268,DepreciationDepletionAndAmortization,USD,2024-01-01,2024-09-27,2024,Q3,10-Q,2024-10-24,0000021344-24-000060,,3.6359999999999992,SellingGeneralAndAdministrativeExpense,USD,2024-01-01,2024-09-27,2024,Q3,10-Q,2024-10-24,0000021344-24-000060,,0.42500000000000004,InterestExpense,USD,2024-01-01,2024-09-27,2025,Q3,10-Q,2025-10-23,0001628280-25-046054,,,,,,,,,,,,,3.379999999999999,IncomeLossFromContinuingOperationsBeforeIncomeTaxesExtraordinaryItemsNoncontrollingInterest,USD,2024-01-01,2024-09-27,2024,Q3,10-Q,2024-10-24,0000021344-24-000060,,0.53,IncomeTaxExpenseBenefit,USD,2024-01-01,2024-09-27,2024,Q3,10-Q,2024-10-24,0000021344-24-000060,,-1.2590000000000003,NetCashProvidedByUsedInOperatingActivities,USD,2024-01-01,2024-09-27,2024,Q3,10-Q,2024-10-24,0000021344-24-000060,,0.46899999999999986,PaymentsToAcquirePropertyPlantAndEquipment,USD,2024-01-01,2024-09-27,2024,Q3,10-Q,2024-10-24,0000021344-24-000060,,0.6591066882666049,EarningsPerShareDiluted,USD/shares,2024-01-01,2024-09-27,2024,Q3,10-Q,2024-10-24,0000021344-24-000060,,,WeightedAverageNumberOfDilutedSharesOutstanding,shares,2024-01-01,2024-09-27,2024,Q3,10-Q,2024-10-24,0000021344-24-000060,,106.266,Assets,USD,,2024-09-27,2024,Q3,10-Q,2024-10-24,0000021344-24-000060,CY2024Q3I,13.938,CashAndCashEquivalentsAtCarryingValue,USD,,2024-09-27,2025,Q3,10-Q,2025-10-23,0001628280-25-046054,CY2024Q3I,1.787,MarketableSecurities,USD,,2024-09-27,2024,Q3,10-Q,2024-10-24,0000021344-24-000060,CY2024Q3I,4.233,AccountsReceivableNetCurrent,USD,,2024-09-27,2024,Q3,10-Q,2024-10-24,0000021344-24-000060,CY2024Q3I,4.714,InventoryNet,USD,,2024-09-27,2024,Q3,10-Q,2024-10-24,0000021344-24-000060,CY2024Q3I,30.288,AssetsCurrent,USD,,2024-09-27,2024,Q3,10-Q,2024-10-24,0000021344-24-000060,CY2024Q3I,9.864,PropertyPlantAndEquipmentNet,USD,,2024-09-27,2024,Q3,10-Q,2024-10-24,0000021344-24-000060,CY2024Q3I,28.569,LiabilitiesCurrent,USD,,2024-09-27,2024,Q3,10-Q,2024-10-24,0000021344-24-000060,CY2024Q3I,23.82,AccountsPayableAndAccruedLiabilitiesCurrent,USD,,2024-09-27,2024,Q3,10-Q,2024-10-24,0000021344-24-000060,CY2024Q3I,3.27,SEC_FILING_TABLE:LoansAndNotesPayable+CurrentMaturitiesOfLongTermDebt,USD millions,,2024-09-27,,,10-Q,2024-10-24,0000021344-24-000060,,42.994,SEC_FILING_TABLE:LongTermDebt,USD millions,,2024-09-27,,,10-Q,2024-10-24,0000021344-24-000060,,79.748,DERIVED:Assets-Equity,USD,,2024-09-27,,,DERIVED,,,,26.518,StockholdersEquity,USD,,2024-09-27,2024,Q3,10-Q,2024-10-24,0000021344-24-000060,CY2024Q3I,46.264,2.7780000000000005,-1.7280000000000002,1.79,Calculation_Buffer/FY2020,2020-12-31,87.296,19.299,10.777,3.144,3.266,11.145
KO,0000021344,2024,Q4,2024-12-31,SEC_EDGAR_COMPANYFACTS,35.206999999999994,Revenues,USD,2024-01-01,2024-12-31,2024,FY,10-K,2025-02-20,0000021344-25-000011,,21.546999999999997,GrossProfit,USD,2024-01-01,2024-12-31,2024,FY,10-K,2025-02-20,0000021344-25-000011,,7.482,OperatingIncomeLoss,USD,2024-01-01,2024-12-31,2024,FY,10-K,2025-02-20,0000021344-25-000011,,7.783,NetIncomeLoss,USD,2024-01-01,2024-12-31,2024,FY,10-K,2025-02-20,0000021344-25-000011,,0.8069999999999999,DepreciationDepletionAndAmortization,USD,2024-01-01,2024-12-31,2024,FY,10-K,2025-02-20,0000021344-25-000011,,10.946000000000002,SellingGeneralAndAdministrativeExpense,USD,2024-01-01,2024-12-31,2024,FY,10-K,2025-02-20,0000021344-25-000011,,1.2309999999999999,InterestExpense,USD,2024-01-01,2024-12-31,2024,FY,10-K,2025-02-20,0000021344-25-000011,,,,,,,,,,,,,9.706000000000001,IncomeLossFromContinuingOperationsBeforeIncomeTaxesExtraordinaryItemsNoncontrollingInterest,USD,2024-01-01,2024-12-31,2024,FY,10-K,2025-02-20,0000021344-25-000011,,1.9069999999999998,IncomeTaxExpenseBenefit,USD,2024-01-01,2024-12-31,2024,FY,10-K,2025-02-20,0000021344-25-000011,,8.064,NetCashProvidedByUsedInOperatingActivities,USD,2024-01-01,2024-12-31,2024,FY,10-K,2025-02-20,0000021344-25-000011,,1.5950000000000002,PaymentsToAcquirePropertyPlantAndEquipment,USD,2024-01-01,2024-12-31,2024,FY,10-K,2025-02-20,0000021344-25-000011,,1.8016203703703704,EarningsPerShareDiluted,USD/shares,2024-01-01,2024-12-31,2024,FY,10-K,2025-02-20,0000021344-25-000011,,,WeightedAverageNumberOfDilutedSharesOutstanding,shares,2024-01-01,2024-12-31,2024,FY,10-K,2025-02-20,0000021344-25-000011,,100.549,Assets,USD,,2024-12-31,2025,FY,10-K,2026-02-20,0001628280-26-010047,CY2024Q4I,10.828,CashAndCashEquivalentsAtCarryingValue,USD,,2024-12-31,2026,Q1,10-Q,2026-04-30,0001628280-26-028802,CY2024Q4I,1.723,MarketableSecurities,USD,,2024-12-31,2025,FY,10-K,2026-02-20,0001628280-26-010047,CY2024Q4I,3.569,AccountsReceivableNetCurrent,USD,,2024-12-31,2025,FY,10-K,2026-02-20,0001628280-26-010047,CY2024Q4I,4.728,InventoryNet,USD,,2024-12-31,2025,FY,10-K,2026-02-20,0001628280-26-010047,CY2024Q4I,25.997,AssetsCurrent,USD,,2024-12-31,2025,FY,10-K,2026-02-20,0001628280-26-010047,CY2024Q4I,10.303,PropertyPlantAndEquipmentNet,USD,,2024-12-31,2025,FY,10-K,2026-02-20,0001628280-26-010047,CY2024Q4I,25.249,LiabilitiesCurrent,USD,,2024-12-31,2025,FY,10-K,2026-02-20,0001628280-26-010047,CY2024Q4I,21.712,AccountsPayableAndAccruedLiabilitiesCurrent,USD,,2024-12-31,2025,FY,10-K,2026-02-20,0001628280-26-010047,CY2024Q4I,3.373,SEC_FILING_TABLE:LoansAndNotesPayable+CurrentMaturitiesOfLongTermDebt,USD millions,,2024-12-31,,,10-K,2026-02-20,0001628280-26-010047,,42.119,SEC_FILING_TABLE:LongTermDebt,USD millions,,2024-12-31,,,10-K,2026-02-20,0001628280-26-010047,,75.69300000000001,DERIVED:Assets-Equity,USD,,2024-12-31,,,DERIVED,,,,24.856,StockholdersEquity,USD,,2024-12-31,2025,FY,10-K,2026-02-20,0001628280-26-010047,CY2024Q4I,45.492,8.289,6.468999999999999,1.79,Calculation_Buffer/FY2020,2020-12-31,87.296,19.299,10.777,3.144,3.266,11.145
KO,0000021344,2024,FY,2024-12-31,SEC_EDGAR_COMPANYFACTS,47.061,Revenues,USD,2024-01-01,2024-12-31,2024,FY,10-K,2025-02-20,0000021344-25-000011,,28.737,GrossProfit,USD,2024-01-01,2024-12-31,2024,FY,10-K,2025-02-20,0000021344-25-000011,,9.992,OperatingIncomeLoss,USD,2024-01-01,2024-12-31,2024,FY,10-K,2025-02-20,0000021344-25-000011,,10.631,NetIncomeLoss,USD,2024-01-01,2024-12-31,2024,FY,10-K,2025-02-20,0000021344-25-000011,,1.075,DepreciationDepletionAndAmortization,USD,2024-01-01,2024-12-31,2024,FY,10-K,2025-02-20,0000021344-25-000011,,14.582,SellingGeneralAndAdministrativeExpense,USD,2024-01-01,2024-12-31,2024,FY,10-K,2025-02-20,0000021344-25-000011,,1.656,InterestExpense,USD,2024-01-01,2024-12-31,2024,FY,10-K,2025-02-20,0000021344-25-000011,,,,,,,,,,,,,13.086,IncomeLossFromContinuingOperationsBeforeIncomeTaxesExtraordinaryItemsNoncontrollingInterest,USD,2024-01-01,2024-12-31,2024,FY,10-K,2025-02-20,0000021344-25-000011,,2.437,IncomeTaxExpenseBenefit,USD,2024-01-01,2024-12-31,2024,FY,10-K,2025-02-20,0000021344-25-000011,,6.805,NetCashProvidedByUsedInOperatingActivities,USD,2024-01-01,2024-12-31,2024,FY,10-K,2025-02-20,0000021344-25-000011,,2.064,PaymentsToAcquirePropertyPlantAndEquipment,USD,2024-01-01,2024-12-31,2024,FY,10-K,2025-02-20,0000021344-25-000011,,2.46,EarningsPerShareDiluted,USD/shares,2024-01-01,2024-12-31,2024,FY,10-K,2025-02-20,0000021344-25-000011,,4320000000.0,WeightedAverageNumberOfDilutedSharesOutstanding,shares,2024-01-01,2024-12-31,2024,FY,10-K,2025-02-20,0000021344-25-000011,,100.549,Assets,USD,,2024-12-31,2025,FY,10-K,2026-02-20,0001628280-26-010047,CY2024Q4I,10.828,CashAndCashEquivalentsAtCarryingValue,USD,,2024-12-31,2026,Q1,10-Q,2026-04-30,0001628280-26-028802,CY2024Q4I,1.723,MarketableSecurities,USD,,2024-12-31,2025,FY,10-K,2026-02-20,0001628280-26-010047,CY2024Q4I,3.569,AccountsReceivableNetCurrent,USD,,2024-12-31,2025,FY,10-K,2026-02-20,0001628280-26-010047,CY2024Q4I,4.728,InventoryNet,USD,,2024-12-31,2025,FY,10-K,2026-02-20,0001628280-26-010047,CY2024Q4I,25.997,AssetsCurrent,USD,,2024-12-31,2025,FY,10-K,2026-02-20,0001628280-26-010047,CY2024Q4I,10.303,PropertyPlantAndEquipmentNet,USD,,2024-12-31,2025,FY,10-K,2026-02-20,0001628280-26-010047,CY2024Q4I,25.249,LiabilitiesCurrent,USD,,2024-12-31,2025,FY,10-K,2026-02-20,0001628280-26-010047,CY2024Q4I,21.712,AccountsPayableAndAccruedLiabilitiesCurrent,USD,,2024-12-31,2025,FY,10-K,2026-02-20,0001628280-26-010047,CY2024Q4I,3.373,SEC_FILING_TABLE:LoansAndNotesPayable+CurrentMaturitiesOfLongTermDebt,USD millions,,2024-12-31,,,10-K,2026-02-20,0001628280-26-010047,,42.119,SEC_FILING_TABLE:LongTermDebt,USD millions,,2024-12-31,,,10-K,2026-02-20,0001628280-26-010047,,75.69300000000001,DERIVED:Assets-Equity,USD,,2024-12-31,,,DERIVED,,,,24.856,StockholdersEquity,USD,,2024-12-31,2025,FY,10-K,2026-02-20,0001628280-26-010047,CY2024Q4I,45.492,11.067,4.741,1.79,Calculation_Buffer/FY2020,2020-12-31,87.296,19.299,10.777,3.144,3.266,11.145
KO,0000021344,2025,Q1,2025-03-28,SEC_EDGAR_COMPANYFACTS,11.129,Revenues,USD,2025-01-01,2025-03-28,2025,Q1,10-Q,2025-05-01,0000021344-25-000029,,6.966,GrossProfit,USD,2025-01-01,2025-03-28,2025,Q1,10-Q,2025-05-01,0000021344-25-000029,,3.659,OperatingIncomeLoss,USD,2025-01-01,2025-03-28,2025,Q1,10-Q,2025-05-01,0000021344-25-000029,,3.33,NetIncomeLoss,USD,2025-01-01,2025-03-28,2025,Q1,10-Q,2025-05-01,0000021344-25-000029,,0.267,DepreciationDepletionAndAmortization,USD,2025-01-01,2025-03-28,2025,Q1,10-Q,2025-05-01,0000021344-25-000029,,3.234,SellingGeneralAndAdministrativeExpense,USD,2025-01-01,2025-03-28,2025,Q1,10-Q,2025-05-01,0000021344-25-000029,,0.387,InterestExpense,USD,2025-01-01,2025-03-28,2025,Q1,10-Q,2025-05-01,0000021344-25-000029,,,,,,,,,,,,,4.057,IncomeLossFromContinuingOperationsBeforeIncomeTaxesExtraordinaryItemsNoncontrollingInterest,USD,2025-01-01,2025-03-28,2025,Q1,10-Q,2025-05-01,0000021344-25-000029,,0.722,IncomeTaxExpenseBenefit,USD,2025-01-01,2025-03-28,2025,Q1,10-Q,2025-05-01,0000021344-25-000029,,-5.202,NetCashProvidedByUsedInOperatingActivities,USD,2025-01-01,2025-03-28,2025,Q1,10-Q,2025-05-01,0000021344-25-000029,,0.309,PaymentsToAcquirePropertyPlantAndEquipment,USD,2025-01-01,2025-03-28,2025,Q1,10-Q,2025-05-01,0000021344-25-000029,,0.7720843960120566,EarningsPerShareDiluted,USD/shares,2025-01-01,2025-03-28,2025,Q1,10-Q,2025-05-01,0000021344-25-000029,,4313000000.0,WeightedAverageNumberOfDilutedSharesOutstanding,shares,2025-01-01,2025-03-28,2025,Q1,10-Q,2025-05-01,0000021344-25-000029,,101.716,Assets,USD,,2025-03-28,2025,Q1,10-Q,2025-05-01,0000021344-25-000029,CY2025Q1I,8.417,CashAndCashEquivalentsAtCarryingValue,USD,,2025-03-28,2026,Q1,10-Q,2026-04-30,0001628280-26-028802,CY2025Q1I,1.791,MarketableSecurities,USD,,2025-03-28,2025,Q1,10-Q,2025-05-01,0000021344-25-000029,CY2025Q1I,4.091,AccountsReceivableNetCurrent,USD,,2025-03-28,2025,Q1,10-Q,2025-05-01,0000021344-25-000029,CY2025Q1I,5.102,InventoryNet,USD,,2025-03-28,2025,Q1,10-Q,2025-05-01,0000021344-25-000029,CY2025Q1I,26.178,AssetsCurrent,USD,,2025-03-28,2025,Q1,10-Q,2025-05-01,0000021344-25-000029,CY2025Q1I,10.431,PropertyPlantAndEquipmentNet,USD,,2025-03-28,2025,Q1,10-Q,2025-05-01,0000021344-25-000029,CY2025Q1I,23.808,LiabilitiesCurrent,USD,,2025-03-28,2025,Q1,10-Q,2025-05-01,0000021344-25-000029,CY2025Q1I,16.499,AccountsPayableAndAccruedLiabilitiesCurrent,USD,,2025-03-28,2025,Q1,10-Q,2025-05-01,0000021344-25-000029,CY2025Q1I,5.581,SEC_FILING_TABLE:LoansAndNotesPayable+CurrentMaturitiesOfLongTermDebt,USD millions,,2025-03-28,,,10-Q,2025-05-01,0000021344-25-000029,,43.53,SEC_FILING_TABLE:LongTermDebt,USD millions,,2025-03-28,,,10-Q,2025-05-01,0000021344-25-000029,,75.514,DERIVED:Assets-Equity,USD,,2025-03-28,,,DERIVED,,,,26.202,StockholdersEquity,USD,,2025-03-28,2025,Q1,10-Q,2025-05-01,0000021344-25-000029,CY2025Q1I,49.111000000000004,3.9259999999999997,-5.511,1.79,Calculation_Buffer/FY2020,2020-12-31,87.296,19.299,10.777,3.144,3.266,11.145
KO,0000021344,2025,Q2,2025-06-27,SEC_EDGAR_COMPANYFACTS,12.535000000000002,Revenues,USD,2025-01-01,2025-06-27,2025,Q2,10-Q,2025-07-24,0000021344-25-000061,,7.821000000000001,GrossProfit,USD,2025-01-01,2025-06-27,2025,Q2,10-Q,2025-07-24,0000021344-25-000061,,4.28,OperatingIncomeLoss,USD,2025-01-01,2025-06-27,2025,Q2,10-Q,2025-07-24,0000021344-25-000061,,3.8099999999999996,NetIncomeLoss,USD,2025-01-01,2025-06-27,2025,Q2,10-Q,2025-07-24,0000021344-25-000061,,0.279,DepreciationDepletionAndAmortization,USD,2025-01-01,2025-06-27,2025,Q2,10-Q,2025-07-24,0000021344-25-000061,,3.4699999999999998,SellingGeneralAndAdministrativeExpense,USD,2025-01-01,2025-06-27,2025,Q2,10-Q,2025-07-24,0000021344-25-000061,,0.44499999999999995,InterestExpense,USD,2025-01-01,2025-06-27,2025,Q2,10-Q,2025-07-24,0000021344-25-000061,,,,,,,,,,,,,4.795999999999999,IncomeLossFromContinuingOperationsBeforeIncomeTaxesExtraordinaryItemsNoncontrollingInterest,USD,2025-01-01,2025-06-27,2025,Q2,10-Q,2025-07-24,0000021344-25-000061,,0.9930000000000001,IncomeTaxExpenseBenefit,USD,2025-01-01,2025-06-27,2025,Q2,10-Q,2025-07-24,0000021344-25-000061,,3.811,NetCashProvidedByUsedInOperatingActivities,USD,2025-01-01,2025-06-27,2025,Q2,10-Q,2025-07-24,0000021344-25-000061,,0.442,PaymentsToAcquirePropertyPlantAndEquipment,USD,2025-01-01,2025-06-27,2025,Q2,10-Q,2025-07-24,0000021344-25-000061,,0.8831710709318497,EarningsPerShareDiluted,USD/shares,2025-01-01,2025-06-27,2025,Q2,10-Q,2025-07-24,0000021344-25-000061,,,WeightedAverageNumberOfDilutedSharesOutstanding,shares,2025-01-01,2025-06-27,2025,Q2,10-Q,2025-07-24,0000021344-25-000061,,104.333,Assets,USD,,2025-06-27,2025,Q2,10-Q,2025-07-24,0000021344-25-000061,CY2025Q2I,9.59,CashAndCashEquivalentsAtCarryingValue,USD,,2025-06-27,2025,Q2,10-Q,2025-07-24,0000021344-25-000061,CY2025Q2I,2.049,MarketableSecurities,USD,,2025-06-27,2025,Q2,10-Q,2025-07-24,0000021344-25-000061,CY2025Q2I,4.168,AccountsReceivableNetCurrent,USD,,2025-06-27,2025,Q2,10-Q,2025-07-24,0000021344-25-000061,CY2025Q2I,5.082,InventoryNet,USD,,2025-06-27,2025,Q2,10-Q,2025-07-24,0000021344-25-000061,CY2025Q2I,26.609,AssetsCurrent,USD,,2025-06-27,2025,Q2,10-Q,2025-07-24,0000021344-25-000061,CY2025Q2I,10.784,PropertyPlantAndEquipmentNet,USD,,2025-06-27,2025,Q2,10-Q,2025-07-24,0000021344-25-000061,CY2025Q2I,21.944,LiabilitiesCurrent,USD,,2025-06-27,2025,Q2,10-Q,2025-07-24,0000021344-25-000061,CY2025Q2I,17.03,AccountsPayableAndAccruedLiabilitiesCurrent,USD,,2025-06-27,2025,Q2,10-Q,2025-07-24,0000021344-25-000061,CY2025Q2I,4.47,SEC_FILING_TABLE:LoansAndNotesPayable+CurrentMaturitiesOfLongTermDebt,USD millions,,2025-06-27,,,10-Q,2025-07-24,0000021344-25-000061,,44.976,SEC_FILING_TABLE:LongTermDebt,USD millions,,2025-06-27,,,10-Q,2025-07-24,0000021344-25-000061,,75.74799999999999,DERIVED:Assets-Equity,USD,,2025-06-27,,,DERIVED,,,,28.585,StockholdersEquity,USD,,2025-06-27,2025,Q2,10-Q,2025-07-24,0000021344-25-000061,CY2025Q2I,49.446,4.559,3.3689999999999998,1.79,Calculation_Buffer/FY2020,2020-12-31,87.296,19.299,10.777,3.144,3.266,11.145
KO,0000021344,2025,Q3,2025-09-26,SEC_EDGAR_COMPANYFACTS,12.454999999999998,Revenues,USD,2025-01-01,2025-09-26,2025,Q3,10-Q,2025-10-23,0001628280-25-046054,,7.6579999999999995,GrossProfit,USD,2025-01-01,2025-09-26,2025,Q3,10-Q,2025-10-23,0001628280-25-046054,,3.9819999999999993,OperatingIncomeLoss,USD,2025-01-01,2025-09-26,2025,Q3,10-Q,2025-10-23,0001628280-25-046054,,3.6960000000000006,NetIncomeLoss,USD,2025-01-01,2025-09-26,2025,Q3,10-Q,2025-10-23,0001628280-25-046054,,0.2679999999999999,DepreciationDepletionAndAmortization,USD,2025-01-01,2025-09-26,2025,Q3,10-Q,2025-10-23,0001628280-25-046054,,3.6179999999999994,SellingGeneralAndAdministrativeExpense,USD,2025-01-01,2025-09-26,2025,Q3,10-Q,2025-10-23,0001628280-25-046054,,0.3910000000000001,InterestExpense,USD,2025-01-01,2025-09-26,2025,Q3,10-Q,2025-10-23,0001628280-25-046054,,,,,,,,,,,,,4.183,IncomeLossFromContinuingOperationsBeforeIncomeTaxesExtraordinaryItemsNoncontrollingInterest,USD,2025-01-01,2025-09-26,2025,Q3,10-Q,2025-10-23,0001628280-25-046054,,0.4999999999999998,IncomeTaxExpenseBenefit,USD,2025-01-01,2025-09-26,2025,Q3,10-Q,2025-10-23,0001628280-25-046054,,5.043,NetCashProvidedByUsedInOperatingActivities,USD,2025-01-01,2025-09-26,2025,Q3,10-Q,2025-10-23,0001628280-25-046054,,0.479,PaymentsToAcquirePropertyPlantAndEquipment,USD,2025-01-01,2025-09-26,2025,Q3,10-Q,2025-10-23,0001628280-25-046054,,0.8567454798331017,EarningsPerShareDiluted,USD/shares,2025-01-01,2025-09-26,2025,Q3,10-Q,2025-10-23,0001628280-25-046054,,,WeightedAverageNumberOfDilutedSharesOutstanding,shares,2025-01-01,2025-09-26,2025,Q3,10-Q,2025-10-23,0001628280-25-046054,,106.045,Assets,USD,,2025-09-26,2025,Q3,10-Q,2025-10-23,0001628280-25-046054,CY2025Q3I,12.732,CashAndCashEquivalentsAtCarryingValue,USD,,2025-09-26,2025,Q3,10-Q,2025-10-23,0001628280-25-046054,CY2025Q3I,1.907,MarketableSecurities,USD,,2025-09-26,2025,Q3,10-Q,2025-10-23,0001628280-25-046054,CY2025Q3I,3.946,AccountsReceivableNetCurrent,USD,,2025-09-26,2025,Q3,10-Q,2025-10-23,0001628280-25-046054,CY2025Q3I,4.802,InventoryNet,USD,,2025-09-26,2025,Q3,10-Q,2025-10-23,0001628280-25-046054,CY2025Q3I,27.247,AssetsCurrent,USD,,2025-09-26,2025,Q3,10-Q,2025-10-23,0001628280-25-046054,CY2025Q3I,10.902,PropertyPlantAndEquipmentNet,USD,,2025-09-26,2025,Q3,10-Q,2025-10-23,0001628280-25-046054,CY2025Q3I,22.499,LiabilitiesCurrent,USD,,2025-09-26,2025,Q3,10-Q,2025-10-23,0001628280-25-046054,CY2025Q3I,17.692,AccountsPayableAndAccruedLiabilitiesCurrent,USD,,2025-09-26,2025,Q3,10-Q,2025-10-23,0001628280-25-046054,CY2025Q3I,4.239,SEC_FILING_TABLE:LoansAndNotesPayable+CurrentMaturitiesOfLongTermDebt,USD millions,,2025-09-26,,,10-Q,2025-10-23,0001628280-25-046054,,43.177,SEC_FILING_TABLE:LongTermDebt,USD millions,,2025-09-26,,,10-Q,2025-10-23,0001628280-25-046054,,74.798,DERIVED:Assets-Equity,USD,,2025-09-26,,,DERIVED,,,,31.247,StockholdersEquity,USD,,2025-09-26,2025,Q3,10-Q,2025-10-23,0001628280-25-046054,CY2025Q3I,47.416,4.249999999999999,4.564,1.79,Calculation_Buffer/FY2020,2020-12-31,87.296,19.299,10.777,3.144,3.266,11.145
KO,0000021344,2025,Q4,2025-12-31,SEC_EDGAR_COMPANYFACTS,35.486000000000004,Revenues,USD,2025-01-01,2025-12-31,2025,FY,10-K,2026-02-20,0001628280-26-010047,CY2025,21.886000000000003,GrossProfit,USD,2025-01-01,2025-12-31,2025,FY,10-K,2026-02-20,0001628280-26-010047,CY2025,9.780000000000001,OperatingIncomeLoss,USD,2025-01-01,2025-12-31,2025,FY,10-K,2026-02-20,0001628280-26-010047,CY2025,9.410999999999998,NetIncomeLoss,USD,2025-01-01,2025-12-31,2025,FY,10-K,2026-02-20,0001628280-26-010047,CY2025,0.7820000000000001,DepreciationDepletionAndAmortization,USD,2025-01-01,2025-12-31,2025,FY,10-K,2026-02-20,0001628280-26-010047,CY2025,10.903000000000002,SellingGeneralAndAdministrativeExpense,USD,2025-01-01,2025-12-31,2025,FY,10-K,2026-02-20,0001628280-26-010047,CY2025,1.263,InterestExpense,USD,2025-01-01,2025-12-31,2025,FY,10-K,2026-02-20,0001628280-26-010047,CY2025,,,,,,,,,,,,11.815,IncomeLossFromContinuingOperationsBeforeIncomeTaxesExtraordinaryItemsNoncontrollingInterest,USD,2025-01-01,2025-12-31,2025,FY,10-K,2026-02-20,0001628280-26-010047,CY2025,2.3610000000000007,IncomeTaxExpenseBenefit,USD,2025-01-01,2025-12-31,2025,FY,10-K,2026-02-20,0001628280-26-010047,CY2025,2.365,NetCashProvidedByUsedInOperatingActivities,USD,2025-01-01,2025-12-31,2025,FY,10-K,2026-02-20,0001628280-26-010047,CY2025,1.633,PaymentsToAcquirePropertyPlantAndEquipment,USD,2025-01-01,2025-12-31,2025,FY,10-K,2026-02-20,0001628280-26-010047,CY2025,2.182007883143983,EarningsPerShareDiluted,USD/shares,2025-01-01,2025-12-31,2025,FY,10-K,2026-02-20,0001628280-26-010047,CY2025,,WeightedAverageNumberOfDilutedSharesOutstanding,shares,2025-01-01,2025-12-31,2025,FY,10-K,2026-02-20,0001628280-26-010047,CY2025,104.816,Assets,USD,,2025-12-31,2026,Q1,10-Q,2026-04-30,0001628280-26-028802,CY2025Q4I,10.27,CashAndCashEquivalentsAtCarryingValue,USD,,2025-12-31,2026,Q1,10-Q,2026-04-30,0001628280-26-028802,CY2025Q4I,1.934,MarketableSecurities,USD,,2025-12-31,2026,Q1,10-Q,2026-04-30,0001628280-26-028802,CY2025Q4I,3.038,AccountsReceivableNetCurrent,USD,,2025-12-31,2026,Q1,10-Q,2026-04-30,0001628280-26-028802,CY2025Q4I,4.425,InventoryNet,USD,,2025-12-31,2026,Q1,10-Q,2026-04-30,0001628280-26-028802,CY2025Q4I,31.044,AssetsCurrent,USD,,2025-12-31,2026,Q1,10-Q,2026-04-30,0001628280-26-028802,CY2025Q4I,9.613,PropertyPlantAndEquipmentNet,USD,,2025-12-31,2026,Q1,10-Q,2026-04-30,0001628280-26-028802,CY2025Q4I,21.281,LiabilitiesCurrent,USD,,2025-12-31,2026,Q1,10-Q,2026-04-30,0001628280-26-028802,CY2025Q4I,14.813,AccountsPayableAndAccruedLiabilitiesCurrent,USD,,2025-12-31,2026,Q1,10-Q,2026-04-30,0001628280-26-028802,CY2025Q4I,4.825,SEC_FILING_TABLE:LoansAndNotesPayable+CurrentMaturitiesOfLongTermDebt,USD millions,,2025-12-31,,,10-Q,2026-04-30,0001628280-26-028802,,39.065,SEC_FILING_TABLE:LongTermDebt,USD millions,,2025-12-31,,,10-Q,2026-04-30,0001628280-26-028802,,72.647,DERIVED:Assets-Equity,USD,,2025-12-31,,,DERIVED,,,,32.169,StockholdersEquity,USD,,2025-12-31,2026,Q1,10-Q,2026-04-30,0001628280-26-028802,CY2025Q4I,43.89,10.562000000000001,0.7320000000000002,1.79,Calculation_Buffer/FY2020,2020-12-31,87.296,19.299,10.777,3.144,3.266,11.145
KO,0000021344,2025,FY,2025-12-31,SEC_EDGAR_COMPANYFACTS,47.941,Revenues,USD,2025-01-01,2025-12-31,2025,FY,10-K,2026-02-20,0001628280-26-010047,CY2025,29.544,GrossProfit,USD,2025-01-01,2025-12-31,2025,FY,10-K,2026-02-20,0001628280-26-010047,CY2025,13.762,OperatingIncomeLoss,USD,2025-01-01,2025-12-31,2025,FY,10-K,2026-02-20,0001628280-26-010047,CY2025,13.107,NetIncomeLoss,USD,2025-01-01,2025-12-31,2025,FY,10-K,2026-02-20,0001628280-26-010047,CY2025,1.05,DepreciationDepletionAndAmortization,USD,2025-01-01,2025-12-31,2025,FY,10-K,2026-02-20,0001628280-26-010047,CY2025,14.521,SellingGeneralAndAdministrativeExpense,USD,2025-01-01,2025-12-31,2025,FY,10-K,2026-02-20,0001628280-26-010047,CY2025,1.654,InterestExpense,USD,2025-01-01,2025-12-31,2025,FY,10-K,2026-02-20,0001628280-26-010047,CY2025,,,,,,,,,,,,15.998,IncomeLossFromContinuingOperationsBeforeIncomeTaxesExtraordinaryItemsNoncontrollingInterest,USD,2025-01-01,2025-12-31,2025,FY,10-K,2026-02-20,0001628280-26-010047,CY2025,2.861,IncomeTaxExpenseBenefit,USD,2025-01-01,2025-12-31,2025,FY,10-K,2026-02-20,0001628280-26-010047,CY2025,7.408,NetCashProvidedByUsedInOperatingActivities,USD,2025-01-01,2025-12-31,2025,FY,10-K,2026-02-20,0001628280-26-010047,CY2025,2.112,PaymentsToAcquirePropertyPlantAndEquipment,USD,2025-01-01,2025-12-31,2025,FY,10-K,2026-02-20,0001628280-26-010047,CY2025,3.04,EarningsPerShareDiluted,USD/shares,2025-01-01,2025-12-31,2025,FY,10-K,2026-02-20,0001628280-26-010047,CY2025,4313000000.0,WeightedAverageNumberOfDilutedSharesOutstanding,shares,2025-01-01,2025-12-31,2025,FY,10-K,2026-02-20,0001628280-26-010047,CY2025,104.816,Assets,USD,,2025-12-31,2026,Q1,10-Q,2026-04-30,0001628280-26-028802,CY2025Q4I,10.27,CashAndCashEquivalentsAtCarryingValue,USD,,2025-12-31,2026,Q1,10-Q,2026-04-30,0001628280-26-028802,CY2025Q4I,1.934,MarketableSecurities,USD,,2025-12-31,2026,Q1,10-Q,2026-04-30,0001628280-26-028802,CY2025Q4I,3.038,AccountsReceivableNetCurrent,USD,,2025-12-31,2026,Q1,10-Q,2026-04-30,0001628280-26-028802,CY2025Q4I,4.425,InventoryNet,USD,,2025-12-31,2026,Q1,10-Q,2026-04-30,0001628280-26-028802,CY2025Q4I,31.044,AssetsCurrent,USD,,2025-12-31,2026,Q1,10-Q,2026-04-30,0001628280-26-028802,CY2025Q4I,9.613,PropertyPlantAndEquipmentNet,USD,,2025-12-31,2026,Q1,10-Q,2026-04-30,0001628280-26-028802,CY2025Q4I,21.281,LiabilitiesCurrent,USD,,2025-12-31,2026,Q1,10-Q,2026-04-30,0001628280-26-028802,CY2025Q4I,14.813,AccountsPayableAndAccruedLiabilitiesCurrent,USD,,2025-12-31,2026,Q1,10-Q,2026-04-30,0001628280-26-028802,CY2025Q4I,4.825,SEC_FILING_TABLE:LoansAndNotesPayable+CurrentMaturitiesOfLongTermDebt,USD millions,,2025-12-31,,,10-Q,2026-04-30,0001628280-26-028802,,39.065,SEC_FILING_TABLE:LongTermDebt,USD millions,,2025-12-31,,,10-Q,2026-04-30,0001628280-26-028802,,72.647,DERIVED:Assets-Equity,USD,,2025-12-31,,,DERIVED,,,,32.169,StockholdersEquity,USD,,2025-12-31,2026,Q1,10-Q,2026-04-30,0001628280-26-028802,CY2025Q4I,43.89,14.812000000000001,5.296,1.79,Calculation_Buffer/FY2020,2020-12-31,87.296,19.299,10.777,3.144,3.266,11.145
